company_name,address,phone,website,source_note
Gojek,"Pasaraya Blok M Gedung B Lt. 6, Jl. Iskandarsyah II No.7, Kebayoran Baru, Jakarta Selatan 12160",+62 21 5084 9000,gojek.com,verified via official contact page + cross-check
Tokopedia,"Millenium Centennial Center Lt. 28, Jl. Jend. Sudirman Kav. 25, Karet, Setiabudi, Jakarta Selatan 12920",+62 21 5369 1015,tokopedia.com,verified via tokopedia.com/about/contact-us
J&T Express,"Landmark Pluit Tower B Lt. 8-10, Jl. Pluit Selatan Raya No.2, Jakarta Utara 14440",+62 21 8066 1888,jet.co.id,verified via multiple courier directory listings
TIKI,"Jl. Raden Saleh Raya No. 2, Jakarta Pusat 10430",1500 125,tiki.id,verified via multiple courier directory listings
SiCepat,"Jl. Daan Mogot 2 No. 100 M-N, Kebon Jeruk, Jakarta Barat",+62 21 5663 017,sicepat.com,verified via multiple courier directory listings
Wahana Ekspedisi,"Jl. Rempoa Raya No. 88, Ciputat, Tangerang Selatan, Banten 15412",+62 21 7341 688,wahana.com,verified via multiple courier directory listings
Blue Bird Group,"Jl. Mampang Prapatan Raya No. 60, Jakarta Selatan 12790",+62 21 7989 000,bluebirdgroup.com,verified via official Blue Bird Group contact page
Indomaret,"Menara Indomaret, Jl. Pantai Indah Kapuk Boulevard, Kamal Muara, Penjaringan, Jakarta Utara 14470",NOT_FOUND,indomaret.co.id,address verified via official Klik Indomaret contact page; phone number NOT found in research - do not fabricate, look this one up yourself
Alfamart,"Jl. M.H. Thamrin No. 9, Cikokol, Tangerang, Banten 15117",1500 959,alfamart.co.id,verified via official Alfamart customer service listing
