nama,website,sebab,detail,didiagnosa_pada
Digital Marketing Tangerang Selatan (Groundwork People),https://groundworkpeople.com,http_error,http 403,2026-09-01 09:30:53
Olah Data Semarang,https://olah-data-semarang.business.site,http_error,http 404,2026-09-01 09:33:19
PT Architectz Persada Asri,https://www.architectzandassociates.com,http_error,http 404,2026-09-01 09:34:37
PT Borneo Megah Sejahtera,https://www.bmslh.com,http_error,http 403,2026-09-01 09:34:42
PT Reycom Document Solusi,https://rds.co.id,http_error,http 403,2026-09-01 09:35:34
PT. PiEE Internasional,https://piee.co.id,http_error,"http 404 (turun ke http, sertifikat https bermasalah)",2026-09-01 09:38:19
EasyGO GPS,https://www.easygo-gps.co.id,js_render,"http 200, 4362 char -> hanya 6 char teks",2026-09-01 09:31:03
Nazaridev,https://nazaridev.vercel.app,js_render,"http 200, 656 char -> hanya 21 char teks",2026-09-01 09:33:10
PT MAKA (Makna Karya Angan Andanu),https://maka.id,js_render,"http 200, 3646 char -> hanya 17 char teks",2026-09-01 09:35:29
PT Solusi Untuk Semua,https://gadogado.id,js_render,"http 200, 132 char -> hanya 0 char teks",2026-09-01 09:35:37
PT. Indo Rizki Pratama,https://www.3dmediaadv.com,js_render,"http 200, 114 char -> hanya 0 char teks",2026-09-01 09:37:38
Pluto Publishing,https://bestgardenoutdoor.com,js_render,"http 200, 114 char -> hanya 0 char teks",2026-09-01 09:40:35
Stasiun Transmisi TV Indosiar Semarang,https://www.indosiar.com,js_render,"http 200, 7602 char -> hanya 63 char teks",2026-09-01 09:40:51
Studio Paramuda Radio Bandung 93.7 FM (RAMA Group),http://www.paramudaradio.com,js_render,"http 200, 168548 char -> hanya 14 char teks",2026-09-01 09:40:55
Studio Radio Rama 104.7 FM Bandung,https://www.ramafm.com,js_render,"http 200, 225698 char -> hanya 7 char teks",2026-09-01 09:41:00
Takaful Umum,https://www.takafulumum.co.id,js_render,"http 200, 14599 char -> hanya 14 char teks",2026-09-01 09:41:04
ThinkrCreative,http://thinkrcreative.com,js_render,"http 200, 114 char -> hanya 0 char teks",2026-09-01 09:41:10
XLSMART Telecom Sejahtera,https://www.smartfren.com,js_render,"http 200, 18592 char -> hanya 43 char teks",2026-09-01 09:41:22
Zurich,https://www.zurich.co.id,js_render,"http 200, 212 char -> hanya 0 char teks",2026-09-01 09:41:24
Acibadem,https://acibademinternational.com,robots_larang,robots.txt melarang User-Agent kita,2026-09-01 09:30:18
Alcott Semarang,https://alcott-smg.com,robots_larang,robots.txt melarang User-Agent kita,2026-09-01 09:30:20
Awann Group,https://awanngroup.com,robots_larang,robots.txt melarang User-Agent kita,2026-09-01 09:30:28
Bamboomedia Software,https://www.bamboomedia.net,robots_larang,robots.txt melarang User-Agent kita,2026-09-01 09:30:44
EST Jakarta,https://estjakarta.com,robots_larang,robots.txt melarang User-Agent kita,2026-09-01 09:31:00
F/F Entertainment,https://www.facebook.com,robots_larang,robots.txt melarang User-Agent kita,2026-09-01 09:31:05
Hexa Conservation Indonesia,https://hexaconservation.com,robots_larang,robots.txt melarang User-Agent kita,2026-09-01 09:31:17
LTI Express,https://ltiexpress.id,robots_larang,robots.txt melarang User-Agent kita,2026-09-01 09:31:39
Lembaga Penelitian dan Pengabdian Masyarakat (LPPM UNNES),https://unnes.ac.id,robots_larang,robots.txt melarang User-Agent kita,2026-09-01 09:31:41
Mandiri Sekuritas Medan,https://most.co.id,robots_larang,robots.txt melarang User-Agent kita,2026-09-01 09:31:43
Minanga group,http://minanga.co.id,robots_larang,robots.txt melarang User-Agent kita,2026-09-01 09:33:03
Moduit Digital Indonesia,https://moduit.id,robots_larang,robots.txt melarang User-Agent kita,2026-09-01 09:33:05
Monex Investindo Futures,https://www.mifx.com,robots_larang,robots.txt melarang User-Agent kita,2026-09-01 09:33:07
Ngobas,https://ngobas.com,robots_larang,robots.txt melarang User-Agent kita,2026-09-01 09:33:12
Noxindo Cakrawala,https://powercableindonesia.com,robots_larang,robots.txt melarang User-Agent kita,2026-09-01 09:33:14
PLN Distribusi Jakarta Raya,https://www.pln.co.id,robots_larang,robots.txt melarang User-Agent kita,2026-09-01 09:33:21
PT Arta Boga Cemerlang,https://www.artaboga.com,robots_larang,robots.txt melarang User-Agent kita,2026-09-01 09:34:40
PT. ASIA MEGATAMA SEJAHTERA,https://asiamegatama.id,robots_larang,robots.txt melarang User-Agent kita,2026-09-01 09:36:57
PT. Adicipta Inovasi Teknologi,http://www.adins.id,robots_larang,robots.txt melarang User-Agent kita,2026-09-01 09:36:59
PT. RUMAH LOGIC TEKNOLOGI,https://rumahlogic.com,robots_larang,robots.txt melarang User-Agent kita,2026-09-01 09:38:21
Pegadaian UPC Sukawati,https://www.pegadaian.co.id,robots_larang,robots.txt melarang User-Agent kita,2026-09-01 09:38:41
Pro-Int Dinamika,https://pro-int.co.id,robots_larang,robots.txt melarang User-Agent kita,2026-09-01 09:40:37
Reksa Finance,https://www.reksafinance.co.id,robots_larang,robots.txt melarang User-Agent kita,2026-09-01 09:40:39
TUKU Head Office,https://tuku.coffee,robots_larang,robots.txt melarang User-Agent kita,2026-09-01 09:41:02
TransTRACK.ID,https://transtrack.id,robots_larang,robots.txt melarang User-Agent kita,2026-09-01 09:41:12
Traveloka Campus,https://www.traveloka.com,robots_larang,robots.txt melarang User-Agent kita,2026-09-01 09:41:14
Vivnio - Platform Reseller Undangan Digital,https://vivnio.com,robots_larang,robots.txt melarang User-Agent kita,2026-09-01 09:41:17
XL Axiata,https://xl.co.id,robots_larang,robots.txt melarang User-Agent kita,2026-09-01 09:41:19
iziRoam,https://iziroam.com,robots_larang,robots.txt melarang User-Agent kita,2026-09-01 09:41:26
Alguntal,https://alguntal.xyz,situs_mati,gagal: ConnectionError,2026-09-01 09:30:22
Asuransi Central Asia,https://www.aca.co.id,situs_mati,gagal: SSLError,2026-09-01 09:30:25
Bali Wedding Easy,https://baliweddingeasy.com,situs_mati,gagal: SSLError,2026-09-01 09:30:42
Biznet Networks,https://biz.net.id,situs_mati,gagal: ConnectionError,2026-09-01 09:30:46
CV. Teknodaeng Multi Sarana (Teknodaeng),http://teknodaeng.co.id,situs_mati,gagal: ConnectionError,2026-09-01 09:30:49
Dimensi Logistic,https://dimensilogistic.co.id,situs_mati,gagal: ConnectionError,2026-09-01 09:30:56
First Media,https://www.firstmedia.com,situs_mati,gagal: SSLError,2026-09-01 09:31:08
Grafika Pariwara | PT. GRAFIKA PARIWARA KUSUMAH,https://grafikapariwara.com,situs_mati,gagal: ConnectionError,2026-09-01 09:31:10
Head Office PT. Solomon Indo Global,https://solomonindoglobal.id,situs_mati,gagal: ConnectionError,2026-09-01 09:31:15
Independent Research & Advisory Indonesia,http://iraigeospasial.com,situs_mati,gagal: ConnectionError,2026-09-01 09:31:20
Izatta Wedding Organiser,http://www.baliizattawedding.com,situs_mati,gagal: ConnectionError,2026-09-01 09:31:22
Johnson Health Tech Indonesia,https://www.johnsonhealthtech.id,situs_mati,gagal: ConnectionError,2026-09-01 09:31:24
Kantor Pemasaran Kota Harapan Indah,https://www.damaiputra.com,situs_mati,gagal: ConnectionError,2026-09-01 09:31:32
Karamel Kreativindo Digital Internasional,https://karamelkreativindo.com,situs_mati,gagal: ConnectionError,2026-09-01 09:31:34
Komputermu,https://komputermu.com,situs_mati,gagal: ConnectionError,2026-09-01 09:31:36
McKinsey & Company,https://www.mckinsey.com,situs_mati,gagal: ReadTimeout,2026-09-01 09:32:22
Miindonews,https://miindonews.co.id,situs_mati,gagal: ConnectTimeout,2026-09-01 09:33:00
Office TakeGo,https://takego.id,situs_mati,gagal: ConnectionError,2026-09-01 09:33:16
PT Archipelago Strategic Solution,https://archiss.com,situs_mati,gagal: ConnectTimeout,2026-09-01 09:34:35
PT Carsworld Digital Indonesia,https://carsworld.co.id,situs_mati,gagal: ConnectionError,2026-09-01 09:34:45
PT Daya Transformatika,http://www.transformatika.co.id,situs_mati,gagal: ConnectTimeout,2026-09-01 09:35:23
PT Grand Textile,http://www.grandtex.co.id,situs_mati,gagal: ConnectionError,2026-09-01 09:35:26
PT Perkebunan Nusantara IX,https://apnusantara.ptpnix.co.id,situs_mati,gagal: ConnectionError,2026-09-01 09:35:31
PT Warungjasa Teknologi,https://www.warungjasa.com,situs_mati,gagal: ConnectTimeout,2026-09-01 09:36:52
PT Widha,http://www.widha.co.id,situs_mati,gagal: ConnectionError,2026-09-01 09:36:54
PT. Nusantara Global Inovasi,https://nginovasi.com,situs_mati,gagal: ConnectTimeout,2026-09-01 09:38:16
PT. Tokopedia,https://tokopedia.com,situs_mati,gagal: ReadTimeout,2026-09-01 09:38:39
Perpetual Gifts,http://www.perpetualgifts.com,situs_mati,gagal: ConnectTimeout,2026-09-01 09:39:56
SB301 OFFICE,https://www.sb301.net,situs_mati,gagal: ConnectionError,2026-09-01 09:40:41
SOS Medika,http://sosmedika.id,situs_mati,gagal: ConnectionError,2026-09-01 09:40:44
Saku Sultan Basecamp,https://sakusultan.com,situs_mati,gagal: ConnectionError,2026-09-01 09:40:46
Semarang Resilience Office,https://www.100rcsemarang.org,situs_mati,gagal: ConnectionError,2026-09-01 09:40:48
Tata Niaga Intercontinent,https://tni.biz.id,situs_mati,gagal: ConnectionError,2026-09-01 09:41:08
