osm_id,name,category,city,phone,alasan
3786009242,AIA,insurance,Denpasar,,duplikat entitas (nama/telepon sama)
6264009601,AIA,insurance,Tangerang,,duplikat entitas (nama/telepon sama)
3251556085,AIA Insurance,insurance,Denpasar,,duplikat entitas (nama/telepon sama)
4275635930,AIA Insurance,insurance,Denpasar,,duplikat entitas (nama/telepon sama)
7890803873,Adira Finance,financial,Makassar,,duplikat entitas (nama/telepon sama)
337961087,Allianz,insurance,Semarang,,duplikat entitas (nama/telepon sama)
4628958024,Allianz,insurance,Denpasar,,duplikat entitas (nama/telepon sama)
13595525464,Astra,insurance,Bandung,,duplikat entitas (nama/telepon sama)
6249962507,Astra Graphia,company,,,duplikat entitas (nama/telepon sama)
3787169969,Asuransi Central Asia,insurance,Denpasar,,duplikat entitas (nama/telepon sama)
363343441,Asuransi Jasa Raharja,insurance,Denpasar,,duplikat entitas (nama/telepon sama)
530035430,Asuransi Jasindo,insurance,Bandung,,duplikat entitas (nama/telepon sama)
4628958023,Asuransi Mega,insurance,Denpasar,,duplikat entitas (nama/telepon sama)
3189433333,Asuransi Ramayana,insurance,Denpasar,,duplikat entitas (nama/telepon sama)
318779158,Asuransi Wahana Tata,insurance,Denpasar,,duplikat entitas (nama/telepon sama)
449178052,Asuransi Wahana Tata,insurance,Surabaya,,duplikat entitas (nama/telepon sama)
3832511897,Asuransi Zurich,insurance,Denpasar,,duplikat entitas (nama/telepon sama)
4457428491,Asuransi Zurich,insurance,Denpasar,,duplikat entitas (nama/telepon sama)
6901370685,Avrist,company,,,duplikat entitas (nama/telepon sama)
6948625092,BNI Life,insurance,Jakarta,,duplikat entitas (nama/telepon sama)
7913603390,Biznet,telecommunication,Surabaya,,duplikat entitas (nama/telepon sama)
372062955,Bumiputera 1912,insurance,Denpasar,,duplikat entitas (nama/telepon sama)
446609137,Bumiputera 1912,insurance,Denpasar,,duplikat entitas (nama/telepon sama)
6953875885,China Taiping,company,,,duplikat entitas (nama/telepon sama)
6920828187,Daikin,company,,,duplikat entitas (nama/telepon sama)
14093890917,Djarum,company,Bandung,,duplikat entitas (nama/telepon sama)
3181086706,ETrading Securities,financial,Jakarta,,duplikat entitas (nama/telepon sama)
6900294986,Equity Life Indonesia,insurance,Jakarta,,duplikat entitas (nama/telepon sama)
483644507,FIF Group,insurance,Jakarta,,duplikat entitas (nama/telepon sama)
4196577554,FIFGroup,financial,Denpasar,,duplikat entitas (nama/telepon sama)
6222913190,Garuda Indonesia,company,,,duplikat entitas (nama/telepon sama)
495425486,Gudang Garam,company,,,duplikat entitas (nama/telepon sama)
9132842546,Holywings Group,company,Tangerang,,duplikat entitas (nama/telepon sama)
6183158390,Indosat Ooredoo,telecommunication,Jakarta,,duplikat entitas (nama/telepon sama)
6239516688,Indosat Ooredoo,telecommunication,Jakarta,,duplikat entitas (nama/telepon sama)
10739467201,JNE,logistics,Jakarta,,duplikat entitas (nama/telepon sama)
13529334492,JNE,logistics,Bekasi,,duplikat entitas (nama/telepon sama)
3786009232,JNE Express,company,Denpasar,,duplikat entitas (nama/telepon sama)
139858797,Jamkrindo,financial,Denpasar,,duplikat entitas (nama/telepon sama)
13326343055,Jasa Marga,company,,,duplikat entitas (nama/telepon sama)
559638641,Jasa Raharja,company,Semarang,,duplikat entitas (nama/telepon sama)
185056504,Jiwasraya,insurance,Surabaya,,duplikat entitas (nama/telepon sama)
421572119,Jiwasraya,insurance,Bandung,,duplikat entitas (nama/telepon sama)
6251576916,Jiwasraya,insurance,Jakarta,,duplikat entitas (nama/telepon sama)
6794723485,Jne,company,Bandung,,duplikat entitas (nama/telepon sama)
121551457,Kimia Farma,company,,,duplikat entitas (nama/telepon sama)
121129315,Menjangan Sakti,company,,,duplikat entitas (nama/telepon sama)
6953819186,Mitsubishi,company,,,duplikat entitas (nama/telepon sama)
6948432494,Nokia,company,,,duplikat entitas (nama/telepon sama)
499661124,PDAM Kebalen,company,Bekasi,,duplikat entitas (nama/telepon sama)
499661138,PDAM Kebalen,company,Bekasi,,duplikat entitas (nama/telepon sama)
518494087,PDAM Kebalen,company,Bekasi,,duplikat entitas (nama/telepon sama)
636819072,PDAM Tirtanadi,company,Medan,,duplikat entitas (nama/telepon sama)
343507744,PELNI,company,Semarang,,duplikat entitas (nama/telepon sama)
421834551,PELNI,company,Surabaya,,duplikat entitas (nama/telepon sama)
6222915885,PLN Distribusi Jakarta Raya,company,,,duplikat entitas (nama/telepon sama)
718995682,PPD,company,,,duplikat entitas (nama/telepon sama)
3483900179,PT Asuransi Berdikari,insurance,Semarang,,duplikat entitas (nama/telepon sama)
1361081721,PT BAKTI MANDIRI PERKASA,company,Surabaya,+62318296878,duplikat entitas (nama/telepon sama)
12600062005,PT BAKTI MANDIRI PERKASA,company,Surabaya,+62318296878,duplikat entitas (nama/telepon sama)
502718047,PT Bitung Inti Cemerlang (produksi Sendal),company,Tangerang,,duplikat entitas (nama/telepon sama)
505707255,PT Djarum,company,,,duplikat entitas (nama/telepon sama)
4351202175,PT Gudang Garam Tbk,company,Medan,,duplikat entitas (nama/telepon sama)
5161242221,PT HM Sampoerna,company,Tangerang,,duplikat entitas (nama/telepon sama)
540895307,PT HORISA (produksi jasa pencucian baju dan celana),company,Tangerang,,duplikat entitas (nama/telepon sama)
4193069267,PT Herona Express,company,Surabaya,,duplikat entitas (nama/telepon sama)
11290263610,PT International Chemical Industry,company,,,duplikat entitas (nama/telepon sama)
514832250,PT PAM Lyonnaise Jaya,company,,,duplikat entitas (nama/telepon sama)
493576274,PT PELNI,company,,,duplikat entitas (nama/telepon sama)
4193079066,PT PLN Nusantara Power,company,Surabaya,+62318283180,duplikat entitas (nama/telepon sama)
13344028580,PT PLN Nusantara Power,company,Surabaya,+62 31 8283180,duplikat entitas (nama/telepon sama)
389863872,PT Perusahaan Perdagangan Indonesia,company,Semarang,,duplikat entitas (nama/telepon sama)
500830526,PT SWPP (produksi bingkai photo ekspor),company,Tangerang,,duplikat entitas (nama/telepon sama)
3096759043,PT Sangkuriang Internasional,company,Bandung,,duplikat entitas (nama/telepon sama)
507535939,PT TELKOM,company,,,duplikat entitas (nama/telepon sama)
405594191,PT Telkom Indonesia,telecommunication,Denpasar,,duplikat entitas (nama/telepon sama)
421572118,PT Waskita Karya (Persero),company,Bandung,,duplikat entitas (nama/telepon sama)
195766469,PT. Asabri,company,Makassar,,duplikat entitas (nama/telepon sama)
9861885970,PT. BAKTI MANDIRI PERKASA,company,Surabaya,,duplikat entitas (nama/telepon sama)
5589552521,PT. Dharma Satya Nusantara,company,,,duplikat entitas (nama/telepon sama)
629367822,PT. Garuda Indonesia,company,Medan,,duplikat entitas (nama/telepon sama)
9677551922,PT. Insatek Maju Bersama - Administration Office,company,Bandung,+62 853 2222,duplikat entitas (nama/telepon sama)
4574370098,PT. JIAEC,company,Depok,,duplikat entitas (nama/telepon sama)
13343995007,PT. PLN Nusantara Power,company,Surabaya,+62 31 8283180,duplikat entitas (nama/telepon sama)
498689344,PT. Pertamina,company,,,duplikat entitas (nama/telepon sama)
519589978,PT. TELKOM,company,,,duplikat entitas (nama/telepon sama)
456688289,Pegadaian,company,Surabaya,,duplikat entitas (nama/telepon sama)
6155479292,Pegadaian,company,Tangerang,,duplikat entitas (nama/telepon sama)
6335494597,Pelni,company,,,duplikat entitas (nama/telepon sama)
321796467,Permodalan Nasional Madani,company,Denpasar,,duplikat entitas (nama/telepon sama)
342684105,Pertamina,company,Semarang,,duplikat entitas (nama/telepon sama)
1381042644,Pertamina,company,Surabaya,,duplikat entitas (nama/telepon sama)
6230792398,Pertamina,company,,,duplikat entitas (nama/telepon sama)
6239456597,Pertamina Training and Consulting,company,,,duplikat entitas (nama/telepon sama)
119762428,Perusahaan Listrik Negara,company,Bandung,,duplikat entitas (nama/telepon sama)
6898406886,Phapros,company,,,duplikat entitas (nama/telepon sama)
3226250963,Prudential,insurance,Medan,,duplikat entitas (nama/telepon sama)
3846419319,Prudential,insurance,Denpasar,,duplikat entitas (nama/telepon sama)
4236863557,Prudential,insurance,Denpasar,,duplikat entitas (nama/telepon sama)
12317663863,Pt hamengku karya,company,Denpasar,,duplikat entitas (nama/telepon sama)
868596940,Pusat Penelitian dan Pengembangan Sumber Daya Air Pusair,research,Bandung,,duplikat entitas (nama/telepon sama)
9647417071,Sansure,company,,,duplikat entitas (nama/telepon sama)
374691145,Sequislife,insurance,Denpasar,,duplikat entitas (nama/telepon sama)
3755982238,Sequislife,insurance,Denpasar,,duplikat entitas (nama/telepon sama)
6216098890,Smartfren,telecommunication,Depok,,duplikat entitas (nama/telepon sama)
6282000193,Smartfren,telecommunication,Jakarta,,duplikat entitas (nama/telepon sama)
6354486986,Smartfren,telecommunication,Jakarta,,duplikat entitas (nama/telepon sama)
318780679,Sucofindo,company,Denpasar,,duplikat entitas (nama/telepon sama)
398161546,TELKOM,telecommunication,Tangerang,,duplikat entitas (nama/telepon sama)
494970788,TELKOM,telecommunication,Jakarta,,duplikat entitas (nama/telepon sama)
288427518,Telkom,telecommunication,Medan,,duplikat entitas (nama/telepon sama)
288427527,Telkom,telecommunication,Medan,,duplikat entitas (nama/telepon sama)
429077898,Telkom,telecommunication,Surabaya,,duplikat entitas (nama/telepon sama)
3096805945,Telkom,telecommunication,Bandung,,duplikat entitas (nama/telepon sama)
4271280041,Telkom,telecommunication,Medan,,duplikat entitas (nama/telepon sama)
4298698191,Telkom,telecommunication,Surabaya,,duplikat entitas (nama/telepon sama)
120840852,Telkom Indonesia,telecommunication,Jakarta,,duplikat entitas (nama/telepon sama)
127340266,Telkom Indonesia,company,,,duplikat entitas (nama/telepon sama)
157356463,Telkom Indonesia,telecommunication,Jakarta,,duplikat entitas (nama/telepon sama)
236241829,Telkom Indonesia,telecommunication,Denpasar,,duplikat entitas (nama/telepon sama)
367970480,Telkom Indonesia,telecommunication,Denpasar,,duplikat entitas (nama/telepon sama)
428468543,Telkom Indonesia,telecommunication,Denpasar,,duplikat entitas (nama/telepon sama)
455011236,Telkom Indonesia,telecommunication,Surabaya,,duplikat entitas (nama/telepon sama)
482100278,Telkom Indonesia,telecommunication,Jakarta,,duplikat entitas (nama/telepon sama)
499797097,Telkom Indonesia,telecommunication,Jakarta,,duplikat entitas (nama/telepon sama)
519313817,Telkom Indonesia,telecommunication,Semarang,,duplikat entitas (nama/telepon sama)
522338926,Telkom Indonesia,telecommunication,Jakarta,,duplikat entitas (nama/telepon sama)
4242336300,Telkom Indonesia,company,,,duplikat entitas (nama/telepon sama)
5955111420,Telkom Indonesia,telecommunication,Makassar,,duplikat entitas (nama/telepon sama)
6280833786,Telkom Indonesia,company,,,duplikat entitas (nama/telepon sama)
573849800,Telkom Semarang,telecommunication,Semarang,,duplikat entitas (nama/telepon sama)
455254839,Telkomsel,telecommunication,Surabaya,,duplikat entitas (nama/telepon sama)
565277690,Telkomsel,telecommunication,Semarang,,duplikat entitas (nama/telepon sama)
6183160192,Telkomsel,telecommunication,Jakarta,,duplikat entitas (nama/telepon sama)
6222915785,Telkomsel,telecommunication,Jakarta,,duplikat entitas (nama/telepon sama)
7913603389,Telkomsel,telecommunication,Surabaya,,duplikat entitas (nama/telepon sama)
9891572918,Telkomsel,telecommunication,Jakarta,,duplikat entitas (nama/telepon sama)
9891580818,Telkomsel,telecommunication,Jakarta,,duplikat entitas (nama/telepon sama)
9891580819,Telkomsel,telecommunication,Jakarta,,duplikat entitas (nama/telepon sama)
9891586217,Telkomsel,telecommunication,Jakarta,,duplikat entitas (nama/telepon sama)
9891594217,Telkomsel,telecommunication,Jakarta,,duplikat entitas (nama/telepon sama)
6335494720,Tjokro Bersaudara,company,,,duplikat entitas (nama/telepon sama)
3207441967,Tupperware,company,Denpasar,,duplikat entitas (nama/telepon sama)
12608985068,Upperclicks,advertising_agency,,+62 813 1193 3191,duplikat entitas (nama/telepon sama)
558959127,XL Axiata,telecommunication,Semarang,,duplikat entitas (nama/telepon sama)
482882608,Aeon Mall,mall,,,"kategori mall (properti, bukan perusahaan)"
12124292316,Agora Mall,mall,,,"kategori mall (properti, bukan perusahaan)"
506711807,Ancol Beach City Mall,mall,,+62 821 3600 9600,"kategori mall (properti, bukan perusahaan)"
389523270,Arion Mall,mall,,+62 21 4711652; +62 21 4711658,"kategori mall (properti, bukan perusahaan)"
4148676903,Arion Mall,mall,,,"kategori mall (properti, bukan perusahaan)"
99362081,Artha Gading Mall,mall,,+62 21 45858180; +62 21 45858182,"kategori mall (properti, bukan perusahaan)"
9755222519,Ashta District 8,mall,,,"kategori mall (properti, bukan perusahaan)"
159958655,Atria Mall,mall,,,"kategori mall (properti, bukan perusahaan)"
119784539,Atrium Mall,mall,,+62 21 385 3985;+62 21 385 6650,"kategori mall (properti, bukan perusahaan)"
4373238608,BOLT! Zone Lippo Mall Puri,mall,,,"kategori mall (properti, bukan perusahaan)"
529392697,Baywalk Mall,mall,,+62 21 29627999; +62 21 29627988,"kategori mall (properti, bukan perusahaan)"
521439410,Bella Terra,mall,,,"kategori mall (properti, bukan perusahaan)"
4148556005,Bellagio Boutique Mall,mall,,,"kategori mall (properti, bukan perusahaan)"
4148507697,Bintaro Plaza,mall,,,"kategori mall (properti, bukan perusahaan)"
4240845890,Bintaro Trade Center,mall,,,"kategori mall (properti, bukan perusahaan)"
355474629,Bintaro Xchange Mall 1,mall,,,"kategori mall (properti, bukan perusahaan)"
797825696,Bintaro Xchange Mall 2,mall,,,"kategori mall (properti, bukan perusahaan)"
539176312,Blok M Hub,mall,,,"kategori mall (properti, bukan perusahaan)"
516775426,Blok M Square,mall,,,"kategori mall (properti, bukan perusahaan)"
118879679,Buaran Plaza,mall,,+62 21 86603438;+62 21 8660336,"kategori mall (properti, bukan perusahaan)"
1113270959,By The Sea Shopping Mall at Golf Island PIK,mall,,,"kategori mall (properti, bukan perusahaan)"
159813269,CBD Ciledug,mall,,,"kategori mall (properti, bukan perusahaan)"
277664694,Central Park Mall,mall,,+62 21 56988888; +62 21 56985100,"kategori mall (properti, bukan perusahaan)"
463407970,Central Park Mall 2,mall,,,"kategori mall (properti, bukan perusahaan)"
508303805,Cibubur Junction,mall,,+62 21 877 55 678;+62 21 873 3339,"kategori mall (properti, bukan perusahaan)"
398229401,Cibubur Square,mall,,,"kategori mall (properti, bukan perusahaan)"
482821247,Cikini Gold Center,mall,,,"kategori mall (properti, bukan perusahaan)"
361290124,Cinere Bellevue Mall,mall,,,"kategori mall (properti, bukan perusahaan)"
155955655,Cipinang Indah Mall,mall,,,"kategori mall (properti, bukan perusahaan)"
334801956,Ciplaz Cengkareng,mall,,,"kategori mall (properti, bukan perusahaan)"
121261411,Citos / Cilandak Town Square,mall,,+62 21 75920222; +62 21 75920210,"kategori mall (properti, bukan perusahaan)"
512512203,Citra Mall Klender,mall,,,"kategori mall (properti, bukan perusahaan)"
122152128,City Plaza,mall,,,"kategori mall (properti, bukan perusahaan)"
120827484,CityWalk Sudirman,mall,,,"kategori mall (properti, bukan perusahaan)"
119779743,Cityplaza Jatinegara,mall,,,"kategori mall (properti, bukan perusahaan)"
9728578603,Citywalk Gajah Mada,mall,,,"kategori mall (properti, bukan perusahaan)"
391476937,Emporium Pluit Mall,mall,,+62 21 66672999,"kategori mall (properti, bukan perusahaan)"
4146957523,Emporium Pluit Mall Back Entrance,mall,,,"kategori mall (properti, bukan perusahaan)"
4146959210,Emporium Pluit Mall Front Entrance,mall,,,"kategori mall (properti, bukan perusahaan)"
4146953112,Emporium Pluit Mall Side Entrance,mall,,,"kategori mall (properti, bukan perusahaan)"
119772918,FX Mall,mall,,+62 21 30030888; +62 21 30030800,"kategori mall (properti, bukan perusahaan)"
498513737,Food Centrum,mall,,,"kategori mall (properti, bukan perusahaan)"
387636345,Gajah Mada Plaza,mall,,+62 21 6385 8888;+62 21 633 6866,"kategori mall (properti, bukan perusahaan)"
4146450482,Gajah Mada Plaza (Main Entrance),mall,,,"kategori mall (properti, bukan perusahaan)"
119540859,Gandaria City,mall,,+62 21 7399088; +62 21 7396077,"kategori mall (properti, bukan perusahaan)"
121986316,Glodok Plaza,mall,,+62 21 6280888,"kategori mall (properti, bukan perusahaan)"
120004037,Grand Cimanggis Mall,mall,,,"kategori mall (properti, bukan perusahaan)"
157361852,Grand ITC Permata Hijau,mall,,+62 21 53663888; +62 21 53663497,"kategori mall (properti, bukan perusahaan)"
974882100,Grand Indonesia Shopping Town,mall,,,"kategori mall (properti, bukan perusahaan)"
1115929347,Grand Paragon,mall,,,"kategori mall (properti, bukan perusahaan)"
4148241807,Grand Paragon,mall,,,"kategori mall (properti, bukan perusahaan)"
1075721000,Green Pramuka Square,mall,,,"kategori mall (properti, bukan perusahaan)"
1081176789,Green Sedayu Mall,mall,,,"kategori mall (properti, bukan perusahaan)"
442212867,Harco Mangga Dua,mall,,,"kategori mall (properti, bukan perusahaan)"
155110696,Harco Pasar Baru,mall,,+62 21 3804151,"kategori mall (properti, bukan perusahaan)"
481725779,Holland Village,mall,,,"kategori mall (properti, bukan perusahaan)"
1098147938,Hublife,mall,,,"kategori mall (properti, bukan perusahaan)"
4150307223,Hypermart Kelapa Gading Trade Center,mall,,,"kategori mall (properti, bukan perusahaan)"
99491651,ITC Cempaka Mas,mall,,,"kategori mall (properti, bukan perusahaan)"
4150440330,ITC Cempaka Mas Main Entrance,mall,,,"kategori mall (properti, bukan perusahaan)"
4254005153,ITC Cempaka Mas Side Entrance,mall,,,"kategori mall (properti, bukan perusahaan)"
524555664,ITC Cipulir,mall,,,"kategori mall (properti, bukan perusahaan)"
391479713,ITC Fatmawati,mall,,+62 21 72790888; +62 21 72796020,"kategori mall (properti, bukan perusahaan)"
121158386,ITC Kuningan,mall,,+62 21 57933888,"kategori mall (properti, bukan perusahaan)"
121551455,ITC Mangga Dua,mall,,+62 21 6017771; +62 21 6017036,"kategori mall (properti, bukan perusahaan)"
121716529,ITC Roxy Mas,mall,,+62 21 6305001; +62 21 6305002,"kategori mall (properti, bukan perusahaan)"
120908549,Jakarta Design Center,mall,,+62 21 5495130; +62 21 5495116,"kategori mall (properti, bukan perusahaan)"
1156109444,K Mall at Menara Jakarta,mall,,+622150918889,"kategori mall (properti, bukan perusahaan)"
154839201,KOJA TRADE MALL,mall,,,"kategori mall (properti, bukan perusahaan)"
455241403,Kalibata City Square,mall,,+62 21 7975111; +62 21 7994880,"kategori mall (properti, bukan perusahaan)"
5068211209,Kelapa Gading Mall 3,mall,,,"kategori mall (properti, bukan perusahaan)"
121919510,Kelapa Gading Trade Center,mall,,,"kategori mall (properti, bukan perusahaan)"
176433009,Kota Kasablanka,mall,,+62 21 83709888; +62 21 83706888,"kategori mall (properti, bukan perusahaan)"
228763259,Kuningan City,mall,,+62 21 57905555; +62 21 57950906,"kategori mall (properti, bukan perusahaan)"
341901960,La Piazza,mall,,+62 21 4531101; +62 21 45864949,"kategori mall (properti, bukan perusahaan)"
4152690689,La Piazza,mall,,,"kategori mall (properti, bukan perusahaan)"
121986296,Lindeteves Trade Center,mall,,+62 21 62317000; +62 21 62317001,"kategori mall (properti, bukan perusahaan)"
173954403,Lippo Mall Cimanggis Square,mall,,,"kategori mall (properti, bukan perusahaan)"
1219363049,Lippo Mall Kemang,mall,,,"kategori mall (properti, bukan perusahaan)"
625889356,Lippo Mall Puri (Skybridge Area),mall,,,"kategori mall (properti, bukan perusahaan)"
625889357,Lippo Mall Puri 1,mall,,,"kategori mall (properti, bukan perusahaan)"
4254017186,Lippo Mall Puri 1 Side Entrance,mall,,,"kategori mall (properti, bukan perusahaan)"
625889355,Lippo Mall Puri 2,mall,,,"kategori mall (properti, bukan perusahaan)"
4160664209,Lippo Mall Puri 2 Alternative Entrance/ Exit,mall,,,"kategori mall (properti, bukan perusahaan)"
119451364,Lippo Plaza Kramatjati,mall,,+62 21 8095558,"kategori mall (properti, bukan perusahaan)"
714481107,Living Plaza Bintaro,mall,,,"kategori mall (properti, bukan perusahaan)"
754594651,Living World Kota Wisata,mall,,,"kategori mall (properti, bukan perusahaan)"
155253938,Lokasari Square,mall,,,"kategori mall (properti, bukan perusahaan)"
355474631,Lotte Mall,mall,,,"kategori mall (properti, bukan perusahaan)"
512873522,Lotte Mall,mall,,,"kategori mall (properti, bukan perusahaan)"
510172679,Lotte Mart,mall,,,"kategori mall (properti, bukan perusahaan)"
4242290016,Lotte Mart Ratu Plaza (Main Entrance),mall,,,"kategori mall (properti, bukan perusahaan)"
4150281840,M.T. Haryono Square,mall,,,"kategori mall (properti, bukan perusahaan)"
489479250,MTen,mall,,,"kategori mall (properti, bukan perusahaan)"
391490309,Mahaka Square,mall,,+62 21 28507788; +62 21 28507505,"kategori mall (properti, bukan perusahaan)"
4240747870,Mahaka Square,mall,,,"kategori mall (properti, bukan perusahaan)"
156922051,Mal Ciputra Jakarta (Citraland),mall,,+62 21 5662121; +62 21 5662255,"kategori mall (properti, bukan perusahaan)"
155116043,Mal Mangga Dua,mall,,+62 21 6126000; +62 21 6126010,"kategori mall (properti, bukan perusahaan)"
121158396,Mall Ambasador,mall,,+62 21 5766688; +62 21 5762828,"kategori mall (properti, bukan perusahaan)"
4152518407,Mall Artha Gading,mall,,,"kategori mall (properti, bukan perusahaan)"
99362082,Mall Artha Gading 3,mall,,,"kategori mall (properti, bukan perusahaan)"
4146989506,Mall Cinere,mall,,,"kategori mall (properti, bukan perusahaan)"
4152512520,Mall Daan Mogot,mall,,,"kategori mall (properti, bukan perusahaan)"
121551453,Mall Golden Truly,mall,,+62 21 4216989;+62 21 4212951,"kategori mall (properti, bukan perusahaan)"
119425546,Mall Graha Cijantung,mall,,+62 21 87798888;+62 21 87793448,"kategori mall (properti, bukan perusahaan)"
341776242,Mall Grand Dadap City,mall,,,"kategori mall (properti, bukan perusahaan)"
4242316417,Mall Kelapa Gading 1 Main Entrance,mall,,,"kategori mall (properti, bukan perusahaan)"
4242315906,Mall Kelapa Gading 2 Main Entrance,mall,,,"kategori mall (properti, bukan perusahaan)"
330323332,Mall Matahari Daan Mogot,mall,,+62 21 5401050; +62 21 5401051,"kategori mall (properti, bukan perusahaan)"
156924651,Mall Taman Anggrek,mall,,+62 21 5643777; +62 21 5634111,"kategori mall (properti, bukan perusahaan)"
343470919,Mall Taman Palem,mall,,+62 21 54352000; +62 21 54352001,"kategori mall (properti, bukan perusahaan)"
121919489,Mall of Indonesia,mall,,+62 21 54867888; +62 21 45867889,"kategori mall (properti, bukan perusahaan)"
881967800,Mall@Bassura,mall,,,"kategori mall (properti, bukan perusahaan)"
391511052,Mangga Dua Square,mall,,+6281388713737,"kategori mall (properti, bukan perusahaan)"
4152540737,Maple Park,mall,,,"kategori mall (properti, bukan perusahaan)"
511934520,Mega Glodok Kemayoran,mall,,,"kategori mall (properti, bukan perusahaan)"
534501112,Mega Mall Ciputat,mall,,,"kategori mall (properti, bukan perusahaan)"
516775412,Melawai Plaza,mall,,,"kategori mall (properti, bukan perusahaan)"
293807197,Menteng Central,mall,,,"kategori mall (properti, bukan perusahaan)"
481734017,Menteng Huis,mall,,,"kategori mall (properti, bukan perusahaan)"
121827997,Metro Sunter Plaza,mall,,,"kategori mall (properti, bukan perusahaan)"
447136631,One Belpark Mall,mall,,,"kategori mall (properti, bukan perusahaan)"
1153739789,One District,mall,,,"kategori mall (properti, bukan perusahaan)"
483395918,One Satrio,mall,,+62215220568,"kategori mall (properti, bukan perusahaan)"
524571822,PIK Avenue,mall,,,"kategori mall (properti, bukan perusahaan)"
153751746,PX Pavilion,mall,,+62 21 5577777; +62 21 58358605,"kategori mall (properti, bukan perusahaan)"
125583159,Pacific Place Mall,mall,,+62 21 5152299; +62 21 51400988,"kategori mall (properti, bukan perusahaan)"
585901767,Pamulang Square,mall,,,"kategori mall (properti, bukan perusahaan)"
4150378467,Pamulang Square,mall,,,"kategori mall (properti, bukan perusahaan)"
1096477744,Paradise Walk Serpong,mall,,+62 81250001300,"kategori mall (properti, bukan perusahaan)"
1381288979,Park 8 Boulevard,mall,,,"kategori mall (properti, bukan perusahaan)"
4150442843,Pasar Jaya. PD,mall,,,"kategori mall (properti, bukan perusahaan)"
529377488,Pasar Pagi Mangga Dua,mall,,,"kategori mall (properti, bukan perusahaan)"
157360113,Pasar Raya Manggarai,mall,,,"kategori mall (properti, bukan perusahaan)"
4244014955,Pasaraya,mall,,,"kategori mall (properti, bukan perusahaan)"
516775418,Pasaraya Grande Blok M,mall,,,"kategori mall (properti, bukan perusahaan)"
11575592949,Pintu Masuk Utama Pusat Grosir Metro Tanah Abang,mall,,,"kategori mall (properti, bukan perusahaan)"
4150891445,Plaza 89,mall,,,"kategori mall (properti, bukan perusahaan)"
484853406,Plaza Adorama,mall,,,"kategori mall (properti, bukan perusahaan)"
352935226,Plaza Bintaro Jaya,mall,,,"kategori mall (properti, bukan perusahaan)"
121870309,Plaza Blok M,mall,,+62 21 7209288; +62 21 7209141,"kategori mall (properti, bukan perusahaan)"
337725915,Plaza Borobudur Ciledug,mall,,,"kategori mall (properti, bukan perusahaan)"
1449727108,Plaza Ciputat,mall,,,"kategori mall (properti, bukan perusahaan)"
125585295,Plaza Festival,mall,,+62 21 5263212; +62 21 5263144,"kategori mall (properti, bukan perusahaan)"
538319726,Plaza Indonesia,mall,,,"kategori mall (properti, bukan perusahaan)"
1429863466,Plaza Jayakarta,mall,,,"kategori mall (properti, bukan perusahaan)"
119451739,Plaza Kalibata,mall,,+62 21 7992017;+62 21 7970326,"kategori mall (properti, bukan perusahaan)"
4148382089,Plaza Kalibata,mall,,,"kategori mall (properti, bukan perusahaan)"
119784336,Plaza Kenari Mas,mall,,+62 21 39842777; +62 21 3150642,"kategori mall (properti, bukan perusahaan)"
4150995836,"Plaza Kuningan, Menara Selatan",mall,,,"kategori mall (properti, bukan perusahaan)"
157359258,Plaza Mebel,mall,,+62 21 7506370; +62 21 7506450,"kategori mall (properti, bukan perusahaan)"
158663679,Plaza Pondok Gede,mall,,,"kategori mall (properti, bukan perusahaan)"
498462373,Plaza Pondok Gede 2,mall,,,"kategori mall (properti, bukan perusahaan)"
119742886,Plaza Semanggi,mall,,+62 21 5275878; +62 21 25536408,"kategori mall (properti, bukan perusahaan)"
119772912,Plaza Senayan,mall,,+62 21 5725555; +62 21 5725008,"kategori mall (properti, bukan perusahaan)"
119773145,Plaza Senayan Arcadia,mall,,,"kategori mall (properti, bukan perusahaan)"
120911811,Plaza Slipi Jaya,mall,,,"kategori mall (properti, bukan perusahaan)"
1405612664,Plaza XXI Grand Kota Bintang,mall,,,"kategori mall (properti, bukan perusahaan)"
156270958,Pluit Junction,mall,,,"kategori mall (properti, bukan perusahaan)"
211383578,Pluit Village,mall,,,"kategori mall (properti, bukan perusahaan)"
121370647,Poins Square,mall,,+62 21 7691 018,"kategori mall (properti, bukan perusahaan)"
158663677,Pondok Gede Plaza,mall,,,"kategori mall (properti, bukan perusahaan)"
83489551,Pondok Indah Mall 1,mall,,+62 21 7506750;+62 21 7506969,"kategori mall (properti, bukan perusahaan)"
83489722,Pondok Indah Mall 2,mall,,+62 21 7506750,"kategori mall (properti, bukan perusahaan)"
547850021,Pondok Indah Mall 3,mall,,,"kategori mall (properti, bukan perusahaan)"
11780214539,Pondok Kelapa Town Square,mall,,,"kategori mall (properti, bukan perusahaan)"
520208528,Pondok Kelapa Townsquare,mall,,,"kategori mall (properti, bukan perusahaan)"
9555672917,Prada Menteng Mall,mall,,,"kategori mall (properti, bukan perusahaan)"
155954026,Pulogadung Trade Center,mall,,+62 21 460 0387;+62 21 4605117,"kategori mall (properti, bukan perusahaan)"
493624223,Puri Indah Mall,mall,,+62 21 5822 582,"kategori mall (properti, bukan perusahaan)"
4242314085,Puri Indah Mall (Back Entrance),mall,,,"kategori mall (properti, bukan perusahaan)"
4242318761,Puri Indah Mall (Main Entrance),mall,,,"kategori mall (properti, bukan perusahaan)"
481794040,Puri Indah Mall 2,mall,,,"kategori mall (properti, bukan perusahaan)"
119451617,Pusat Grosir Cililitan,mall,,+62 21 30016222;+62 21 3004754,"kategori mall (properti, bukan perusahaan)"
4160704519,Px Pavilion,mall,,,"kategori mall (properti, bukan perusahaan)"
4146314225,Rabbani - Rawamangun,mall,,+62 21 47885007,"kategori mall (properti, bukan perusahaan)"
492067198,Ramayana,mall,,,"kategori mall (properti, bukan perusahaan)"
555033857,Ramayana Ciledug,mall,,,"kategori mall (properti, bukan perusahaan)"
158663685,Ramayana Department Store,mall,,,"kategori mall (properti, bukan perusahaan)"
154825738,Ramayana Plaza Koja,mall,,,"kategori mall (properti, bukan perusahaan)"
119772917,Ratu Plaza,mall,,,"kategori mall (properti, bukan perusahaan)"
155956221,Rawamangun Square,mall,,,"kategori mall (properti, bukan perusahaan)"
494066797,Roxy Square,mall,,+62 21 5695 3500,"kategori mall (properti, bukan perusahaan)"
217614698,Ruko Galaxy 2,mall,,,"kategori mall (properti, bukan perusahaan)"
119772927,STC Senayan,mall,,,"kategori mall (properti, bukan perusahaan)"
97550317,Sarinah,mall,,,"kategori mall (properti, bukan perusahaan)"
489332606,Seasons City,mall,,,"kategori mall (properti, bukan perusahaan)"
4148837498,Seasons City (Main Entrance),mall,,,"kategori mall (properti, bukan perusahaan)"
48036723,Senayan City,mall,,+62 21 7237979; +62 21 7233399,"kategori mall (properti, bukan perusahaan)"
754516405,Senayan Park,mall,,,"kategori mall (properti, bukan perusahaan)"
121129218,Setiabudi One,mall,,+62 21 522 0568,"kategori mall (properti, bukan perusahaan)"
4160750876,St.Moritz,mall,,,"kategori mall (properti, bukan perusahaan)"
391510441,Summarecon Mall Kelapa Gading,mall,,+62 21 4531 101; +62 21 4531 305,"kategori mall (properti, bukan perusahaan)"
263303987,Sunter Mall,mall,,+62 21 65832000; +62 21 65833000,"kategori mall (properti, bukan perusahaan)"
119901489,Tamini Square,mall,,+62 21 87785888;+62 21 87785999,"kategori mall (properti, bukan perusahaan)"
391516115,Teras Benhil,mall,,+62 21 29017377; +62 21 29017366,"kategori mall (properti, bukan perusahaan)"
121706055,Thamrin City,mall,,+62 21 3900988; +62 21 3917879,"kategori mall (properti, bukan perusahaan)"
509344832,The Amboja,mall,,,"kategori mall (properti, bukan perusahaan)"
391402193,The Dharmawangsa Square,mall,,+62 21 7205066; +62 21 72787250,"kategori mall (properti, bukan perusahaan)"
157348300,The Park,mall,,+62 21 7822611; +62 21 7824822,"kategori mall (properti, bukan perusahaan)"
9728504528,Trade Mall Harco Glodok,mall,,,"kategori mall (properti, bukan perusahaan)"
215103532,Transmart Carrefour,mall,,+62 21 78840111; +62 21 78840113,"kategori mall (properti, bukan perusahaan)"
11945113650,Travoy Hub,mall,,,"kategori mall (properti, bukan perusahaan)"
563917064,Tribeca Central Park Mall Jakarta,mall,,+62 21 56988888,"kategori mall (properti, bukan perusahaan)"
34334670,WTC Mangga Dua,mall,,+62 21 30018888; +62 21 30018887,"kategori mall (properti, bukan perusahaan)"
4150989116,WTC Mangga Dua Side Entrance,mall,,,"kategori mall (properti, bukan perusahaan)"
812921901,Wang Plaza Kedoya,mall,,,"kategori mall (properti, bukan perusahaan)"
780563902,ÆON Mall,mall,,+622150959888,"kategori mall (properti, bukan perusahaan)"
498717449,Élysee,mall,,,"kategori mall (properti, bukan perusahaan)"
6357841390,Acer Service Center,company,,,nama cocok pola noise (gedung/pemerintah/service center)
121261399,Beltway Office Park Building A,company,,,nama cocok pola noise (gedung/pemerintah/service center)
511618341,Beltway Office Park Building B,company,,,nama cocok pola noise (gedung/pemerintah/service center)
121261402,Beltway Office Park Building C,company,,,nama cocok pola noise (gedung/pemerintah/service center)
6326910786,Brother Service Center,company,,,nama cocok pola noise (gedung/pemerintah/service center)
6327979000,Canon Care Center,company,,,nama cocok pola noise (gedung/pemerintah/service center)
6252754289,Casio Sales & Service Centre,company,,,nama cocok pola noise (gedung/pemerintah/service center)
6326910989,Changhong Service Center,company,,,nama cocok pola noise (gedung/pemerintah/service center)
6326913885,Datascript Service Center,company,,,nama cocok pola noise (gedung/pemerintah/service center)
121551489,Gedung Maspion Plaza,company,,,nama cocok pola noise (gedung/pemerintah/service center)
510896704,Gedung Sastra Graha,company,,,nama cocok pola noise (gedung/pemerintah/service center)
5408980221,Graha ADIRA,company,,,nama cocok pola noise (gedung/pemerintah/service center)
503672133,Graha Dirgantara,company,,,nama cocok pola noise (gedung/pemerintah/service center)
5317880322,Graha EMS,company,,,nama cocok pola noise (gedung/pemerintah/service center)
1272860284,Graha FamilyMart,company,,+62 21 5790 4567,nama cocok pola noise (gedung/pemerintah/service center)
6700115086,Graha Kenzo,company,,,nama cocok pola noise (gedung/pemerintah/service center)
120827503,Graha Mandiri,company,,,nama cocok pola noise (gedung/pemerintah/service center)
5777976754,Graha Mentari,company,,,nama cocok pola noise (gedung/pemerintah/service center)
13258199002,Graha Petro Kimia Gresik,company,,,nama cocok pola noise (gedung/pemerintah/service center)
8304846985,Graha WPN,company,,,nama cocok pola noise (gedung/pemerintah/service center)
6471389611,Jakarta International Customer Service Institute,company,,+62215668061,nama cocok pola noise (gedung/pemerintah/service center)
6274386106,KPU,company,,,nama cocok pola noise (gedung/pemerintah/service center)
6185591491,LG Customer Service,company,,14010,nama cocok pola noise (gedung/pemerintah/service center)
6357841697,MI Authorized Service Center,company,,,nama cocok pola noise (gedung/pemerintah/service center)
6190337088,Maspion Service Center,company,,+62216242112,nama cocok pola noise (gedung/pemerintah/service center)
121129316,Mega Plaza,company,,,nama cocok pola noise (gedung/pemerintah/service center)
13607904301,Menara BRILiaN,company,,,nama cocok pola noise (gedung/pemerintah/service center)
120840856,Menara Jamsostek (North Tower),company,,,nama cocok pola noise (gedung/pemerintah/service center)
4146263388,Menara Palma,company,,,nama cocok pola noise (gedung/pemerintah/service center)
120390216,Menara Saidah,company,,,nama cocok pola noise (gedung/pemerintah/service center)
6218997088,"Mitsubishi Sales, Service, Parts",company,,+6285899997762,nama cocok pola noise (gedung/pemerintah/service center)
6230792493,NS Battery Care Center,company,,,nama cocok pola noise (gedung/pemerintah/service center)
6318643786,Nesco Service Center,company,,,nama cocok pola noise (gedung/pemerintah/service center)
6281159190,Panasonic Service Center,company,,+628041111111,nama cocok pola noise (gedung/pemerintah/service center)
4247890125,Plaza BII,company,,,nama cocok pola noise (gedung/pemerintah/service center)
6024390686,Plaza Telkom STO Telkom,company,,,nama cocok pola noise (gedung/pemerintah/service center)
6213079012,Politron Service Center,company,,,nama cocok pola noise (gedung/pemerintah/service center)
6357812389,Propan Service Center,company,,,nama cocok pola noise (gedung/pemerintah/service center)
6210541785,Pusri Wisma 101,company,,,nama cocok pola noise (gedung/pemerintah/service center)
319553890,Service Centre Omega,company,,,nama cocok pola noise (gedung/pemerintah/service center)
6393447191,"Sharp Service, Parts",company,,+62 800 1 225 588,nama cocok pola noise (gedung/pemerintah/service center)
4245860760,Sinarmas Land Plaza,company,,,nama cocok pola noise (gedung/pemerintah/service center)
4245864705,Sinarmas Land Plaza II,company,,,nama cocok pola noise (gedung/pemerintah/service center)
4235112862,Soepomo Office Park,company,,,nama cocok pola noise (gedung/pemerintah/service center)
1156199167,Wisma Bakrie,company,,,nama cocok pola noise (gedung/pemerintah/service center)
121129250,Wisma Budi,company,,,nama cocok pola noise (gedung/pemerintah/service center)
13741826002,Wisma Lumbini,company,,,nama cocok pola noise (gedung/pemerintah/service center)
4443683984,graha str building,company,,,nama cocok pola noise (gedung/pemerintah/service center)
6255540888,BRI Card Center,company,,,pola kantor cabang/gerai (bukan pengambil keputusan)
1200663255,DAMRI Cabang Bandung,company,Bandung,,pola kantor cabang/gerai (bukan pengambil keputusan)
13047854601,DGTraffic (Branch Office),company,,,pola kantor cabang/gerai (bukan pengambil keputusan)
194736570,Galeri Indosat,telecommunication,Surabaya,,pola kantor cabang/gerai (bukan pengambil keputusan)
438818874,Galeri Indosat,telecommunication,Medan,,pola kantor cabang/gerai (bukan pengambil keputusan)
4258042689,Galeri Indosat Kayon,telecommunication,Surabaya,,pola kantor cabang/gerai (bukan pengambil keputusan)
4111201190,GraPARI,telecommunication,Jakarta,,pola kantor cabang/gerai (bukan pengambil keputusan)
11222342504,GraPARI,telecommunication,Jakarta,,pola kantor cabang/gerai (bukan pengambil keputusan)
1020998129,GraPARI Citraland,telecommunication,Semarang,,pola kantor cabang/gerai (bukan pengambil keputusan)
194213298,GraPARI Telkomsel,telecommunication,Surabaya,,pola kantor cabang/gerai (bukan pengambil keputusan)
377400062,Grapari,telecommunication,Bandung,,pola kantor cabang/gerai (bukan pengambil keputusan)
6795217469,Grapari Kuta,telecommunication,Denpasar,,pola kantor cabang/gerai (bukan pengambil keputusan)
13148918701,Grapari Telkomsel,telecommunication,Surabaya,,pola kantor cabang/gerai (bukan pengambil keputusan)
650633752,Hotel Sibayak Internasional Sales Office,company,Medan,,pola kantor cabang/gerai (bukan pengambil keputusan)
523247692,PDAM Tirtanadi Cabang Tuasan,company,Medan,,pola kantor cabang/gerai (bukan pengambil keputusan)
195254527,PT. Pelni Cabang Makassar,company,Makassar,,pola kantor cabang/gerai (bukan pengambil keputusan)
381937362,Plasa Telkom,telecommunication,Denpasar,,pola kantor cabang/gerai (bukan pengambil keputusan)
385581201,Plasa Telkom,telecommunication,Surabaya,,pola kantor cabang/gerai (bukan pengambil keputusan)
1107488995,Plasa Telkom,telecommunication,Bandung,,pola kantor cabang/gerai (bukan pengambil keputusan)
6230792587,Plasa Telkom Group,company,,,pola kantor cabang/gerai (bukan pengambil keputusan)
6255570300,Plasa Telkom Group,company,,,pola kantor cabang/gerai (bukan pengambil keputusan)
629367768,Plasa Telkom Monginsidi,company,Medan,,pola kantor cabang/gerai (bukan pengambil keputusan)
13764007601,hp Service Point,company,,,pola kantor cabang/gerai (bukan pengambil keputusan)
