osm_id,name,category,city,address,phone,website,latitude,longitude
6900307387,ACA,company,,,,,-6.2239345,106.8264492
490047949,ACA Asuransi,insurance,Jakarta,,,,-6.1480593,106.7937069
453891640,ACA Insurance,insurance,Jakarta,"Jalan Matraman Raya, No. 67 BC, RT.12/RW.4, East Jakarta",,,-6.2037365,106.8578328
4196648531,ACE Jaya Proteksi,insurance,Denpasar,"Jalan Bypass Gatot Subroto, 100F, Denpasar",,,-8.6356338,115.2247367
374533472,AIA,insurance,Denpasar,"Tukad Gangga, Denpasar",,,-8.6760718,115.2279113
630252633,AIA Financial,insurance,Medan,,,,3.6098744,98.6791027
3189433327,AIA Insurance,insurance,Denpasar,"Jalan Teuku Umar, 2-8, Denpasar",,http://www.aia-financial.co.id/,-8.6689032,115.2147822
10153281379,AJB BUMIPUTERA 1912 KC SUPRATMAN,insurance,Bandung,,,,-6.9114319,107.6332797
4267802198,AKR Corporindo. PT Tbk,company,Surabaya,"Jalan Sumatera, 51 - 53, Surabaya",,,-7.2701738,112.7490424
372807792,ASABRI,insurance,Denpasar,"Hang Tuah, 4, Denpasar",,,-8.6739275,115.2452864
13658337101,Abang Express - Pengiriman Internasional,company,,"Jalan Raya Bogor, No. 114",+628111361888,https://abangexpress.co.id/,-6.28132,106.8720599
8186171474,Accurate,company,Tangerang,"Jalan Jalur Sutera, Ruko The Element Blok B19 - B21, Tangerang Selatan",,https://www.accurate.id/,-6.2312752,106.6591849
11578924613,Acibadem,company,,,+62 628 11189922,https://acibademinternational.com,-6.2120327,106.820719
1198173645,Adhiya,company,Bandung,"Jalan Magna Barat, 27",,,-6.9577576,107.6888379
4457470138,Adira Finance,financial,Denpasar,"Jalan Bypass Gatot Subroto, 101XX, Denpasar",,,-8.6375013,115.1993262
6249660498,Aerowisata Group,company,,"Jalan Prof Soepomo, 45",,,-6.2376723,106.8453164
6393446589,Aetra Area Bisnis Sindang,company,,,,,-6.1122013,106.8964131
512842606,AirNav Indonesia,company,Tangerang,"Jalan Juanda, 1, Tangerang",+62 21 5591 5000,https://airnavindonesia.co.id/,-6.1534513,106.6436905
282189669,Akasha International,company,,"Jalan Tahi Bonar Simatupang, 89",,,-6.3048969,106.8482044
11648765950,Alcott Semarang,it,Semarang,"Jalan Sultan Agung, 90 A, Semarang",,https://alcott-smg.com,-7.0104698,110.4160179
6236284585,Alfindo Group,company,,,,,-6.1489309,106.8076894
12740671401,Alguntal,company,,"Jalan Taman Asri Utama, B7 No.7",,https://alguntal.xyz,-6.2440821,106.7315645
3279934870,Allianz,insurance,Denpasar,"Jalan Diponegoro, B21, Denpasar",,,-8.6658372,115.2148408
6948597510,AloDoktor,company,,,,,-6.2253914,106.8282971
381702979,Altrak '78,company,Denpasar,"Jalan Bypass Gatot Subroto, Denpasar",,,-8.635801,115.2300173
1198173612,Amanah Yakin Istiqomah,company,Bandung,"Jalan Magna Barat, 32",,,-6.9577442,107.6885576
367608357,Amway Indonesia,company,Denpasar,"Jalan Hayam Wuruk, 298, Denpasar",,,-8.6719076,115.2440294
448777748,Andalan Finance,financial,Denpasar,"Jalan Bypass Gatot Subroto, 321, Denpasar",,,-8.6386332,115.2011674
3239117765,Antheia Photography,company,,"Rukan Cordoba, B30, Jakarta Utara",,,-6.1109118,106.7419364
1443168773,Anugerah Lestari Teknokreasi,it,Bandung,38,,,-6.9592152,107.7007929
13769750617,Anugrah Tri Putra,company,Bekasi,"Jalan Pesona Metropolitan Raya, 631",,,-6.2924738,106.9891886
6894760786,April,company,,,,,-6.1982484,106.8226443
4196648528,Armada Finance,financial,Denpasar,"Jalan Bypass Gatot Subroto, 100A-B, Denpasar",,,-8.6356419,115.2249147
4457574702,Arthaprima Finance,financial,Denpasar,"Jalan Bypass Gatot Subroto, Denpasar",,,-8.6379515,115.2006082
6251501293,Asaba,company,,,,,-6.1675488,106.829162
6894760886,Asian Agri,company,,,,,-6.1983497,106.8226411
13727782545,Asiantex,company,Bandung,"Jalan Mahar Martanegara, 51, Cimahi",,,-6.897746,107.5574051
520799085,Askrida,company,Denpasar,"Jalan Bakungsari, Kuta",,,-8.7243252,115.1762977
6239515686,Astra,company,,,,,-6.2071018,106.8213448
282189674,Astra Credit Companies,financial,Jakarta,"Jalan Tahi Bonar Simatupang, 90",,,-6.3049296,106.848672
524408211,Astra Credit Company,financial,Denpasar,"Jalan Bypass Gatot Subroto, Denpasar",,,-8.6360459,115.1953166
423209909,Astra Sedaya Finance,financial,Surabaya,,,,-7.2663389,112.7445882
522875002,Astragraphia,company,Denpasar,"Jalan Bypass Gatot Subroto, Denpasar",,,-8.6367207,115.1773336
7071021734,Asuransi ACA,insurance,Jakarta,"Jalan Cikini Raya, Jakarta Pusat",,,-6.1935992,106.8390051
381936150,Asuransi Adira,insurance,Denpasar,"Jalan Bypass Gatot Subroto, Denpasar",,,-8.6349781,115.2487741
339579171,Asuransi Asei,insurance,Semarang,,,,-6.9782144,110.4080556
317138903,Asuransi Astra,insurance,Denpasar,"Jalan Teuku Umar, Denpasar",,,-8.6716838,115.2086844
312889509,Asuransi Berdikari,insurance,Denpasar,"Jalan Teuku Umar, Denpasar",,,-8.6698052,115.2109848
3786009221,Asuransi Bintang,insurance,Denpasar,"Jalan Hayam Wuruk, 125D, Denpasar",,https://www.asuransibintang.com/,-8.6569536,115.2386296
4196648427,Asuransi Cakrawala Proteksi,insurance,Denpasar,,,,-8.6357142,115.2256153
12818418241,Asuransi Central Asia,insurance,Surabaya,"Jalan Veteran, 7-7A, Surabaya",+62 31 3522418,https://www.aca.co.id,-7.2412574,112.7375628
419628474,Asuransi FWD,insurance,Denpasar,"Jalan Bypass Gatot Subroto, 334, Denpasar",,,-8.635488,115.2181934
372062949,Asuransi Jasa Indonesia,insurance,Denpasar,"Jalan Hayam Wuruk, Denpasar",,,-8.6569677,115.2221217
122140800,Asuransi Jasa Raharja,insurance,Jakarta,"Jalan Hajjah R. Rasuna Said, C-2, Jakarta Selatan",,,-6.2127279,106.8310585
427969344,Asuransi Jasindo,insurance,Medan,,,,3.588736,98.6785042
321397841,Asuransi Kredit Indonesia,insurance,Denpasar,"Raya Puputan, 9, Denpasar",,,-8.6734616,115.234712
3846419318,Asuransi Mega,insurance,Denpasar,"Jalan Bypass Gatot Subroto, Denpasar",,,-8.6359716,115.2179371
478700153,Asuransi Raksa,insurance,Tangerang,,+62 857 7660 0600,https://www.raksaonline.com/,-6.2758388,106.6596052
157507714,Asuransi Ramayana,insurance,Jakarta,"Jalan Kebon Sirih, 49",,,-6.1834096,106.8278988
3718349232,Asuransi Sinar Mas,insurance,Denpasar,"Raya Puputan, Denpasar",,,-8.6706169,115.2214235
122140853,Asuransi Wahana Tata,insurance,Jakarta,"Jalan Hajjah R. Rasuna Said, C-4, Jakarta Selatan",,,-6.2135429,106.8310553
342907133,Asuransi Wahana Tata Semarang,insurance,Semarang,,,,-6.9696145,110.4274725
321397836,Asuransi Zurich,insurance,Denpasar,"Raya Puputan, 152, Denpasar",,,-8.6735537,115.236048
9827840505,AturKuliner,it,Bandung,"Jalan Insinyur Haji Juanda, 70, Bandung, Jawa Barat",+6285171578866,aturkuliner.id,-6.8976579,107.6133477
3780733272,Avrist,insurance,Denpasar,"Jalan Merdeka, 45, Denpasar",+62 361 244 632,https://avrist.com/,-8.6648899,115.2387535
1198173560,Awanara Creative Management,consulting,Bandung,78,,,-6.9591099,107.694651
568166114,Awann Group,company,Semarang,"Jalan Pemuda, 112, Semarang",,https://awanngroup.com/,-6.9775373,110.4167541
6894786588,BASF,company,,,,,-6.2236027,106.8229351
6900290592,BCA Insurance,insurance,Jakarta,,,,-6.2106864,106.8184965
524408200,BFI Finance,financial,Denpasar,"Jalan Bypass Gatot Subroto, 170X, Denpasar",,,-8.6371536,115.18304
4247884387,BII Tower,company,,"Jalan MH Thamrin kav 22, Central Jakarta",,,-6.1899822,106.823258
6948700985,BNI,company,,,,,-6.2233232,106.808436
448777761,BNI Life,insurance,Denpasar,"Jalan Raya Buluh Indah, Denpasar",,,-8.6378607,115.1963545
5030538814,BPR Pasar Boja,company,Semarang,,,,-6.9813876,110.3978418
1466121937,BSI Tower,financial,Jakarta,,,,-6.1813969,106.8240638
6274575042,BTN Housing Finance,financial,Jakarta,Jalan HOS Cokroaminoto,,,-6.1987117,106.8286384
12097450304,Badan Riset dan Inovasi Nasional (BRIN),research,Bandung,"Jalan Sangkuriang, Bandung",,https://brin.go.id/,-6.8819511,107.6112069
6948413291,Bahar,company,,,,,-6.2302366,106.8261942
6255570491,Balai Lelang Cipta Wahana Damai,company,,"Jalan Garuda, 2",+62214244858,,-6.1632635,106.8409676
8301476820,Balai Yasa Pulubrayan,company,Medan,,,,3.6350237,98.6713288
445058784,Bali Line Kargo,company,Denpasar,"Jalan Bypass Ngurah Rai, Sanur",,,-8.6563493,115.2535663
322208506,Bali Sari Advertisements,company,Denpasar,"Ciung Wanara 1, 5, Denpasar",,,-8.6737169,115.2345086
420277402,Bali TV,telecommunication,Denpasar,,,,-8.6267674,115.1847367
5521949922,Bali Villas HVR,company,Denpasar,,,,-8.6842437,115.1709621
8771686918,Bali Wedding Easy,company,Denpasar,"Graha Bali Paradiso, 40, Denpasar",,https://baliweddingeasy.com/,-8.7038248,115.2363408
8771614896,Bali Wedding Story - Why Imaging,company,Denpasar,"Graha Bali Paradiso, 40, Denpasar",,https://baliweddingstory.com/,-8.7037721,115.236348
11497028373,Balon Tepuk Suporter,company,,"Jalan Terate Gg 3 no 27, jakarta",+62 878 7888 9787,https://www.balon-tepuk.com/,-6.197499,106.7061388
13455352057,Balon Tepuk Supporter,company,,Semarang,,https://www.balontepuksuporter.com/,-6.1959139,106.6997217
3780733271,Bamboomedia Software,it,Denpasar,"Jalan Merdeka, Denpasar",,https://www.bamboomedia.net/,-8.6649588,115.2387548
6953818787,Bank Capital,company,,,,,-6.1930813,106.7977706
381655200,Bank Mandiri Credit Office,financial,Bandung,"Jalan Asia Afrika, Bandung",,,-6.9210082,107.6078491
448761383,Batik Kasmadji,company,Denpasar,"Jalan Bypass Gatot Subroto, 347, Denpasar",,,-8.6376085,115.1982256
511619925,Beltway Office Annex Building,company,,"Jalan Ampera Raya, DKI Jakarta",,,-6.2911725,106.8182815
6269609987,Bengkel Bubut Cipta Guna,company,Tangerang,,,,-6.1877577,106.6044326
6281175592,Bengkel Bubut Sarinande,company,,,,,-6.2865309,106.7955188
6218997086,Beritagar.id,company,,,,,-6.181186,106.8151034
6400824385,Berkah Melimpah Jaya,company,,,,,-6.1020325,106.8014756
6213079086,Bersaudara Group,company,,,,,-6.2015217,106.8070606
13293635807,Best Agro Internasional,company,,"Jalan Jenderal Gatot Subroto, Kav. 43, Jakarta Selatan",,,-6.23597,106.827271
6255540700,Bhinneka,company,,,,,-6.1656813,106.8393315
6951190090,Bhinneka Life,company,,,,,-6.2106848,106.8299176
13409017294,Big Sun Digital Jakarta,advertising_agency,,"tampak siring timur vi, 15",,,-6.1499083,106.7102932
12859974079,Bimbel Asy Syifa,company,Bekasi,,,,-6.271333,107.0011056
6239647187,Bisnis Indonesia,company,,,,,-6.2060792,106.8158817
3758630565,Biznet,telecommunication,Denpasar,"Jalan Teuku Umar, 226, Denpasar",+62 361 221917,https://www.biznetnetworks.com/,-8.6810298,115.2001715
7913537001,Biznet Networks,telecommunication,Jakarta,DKI Jakarta,,https://biz.net.id,-6.2091672,106.8204664
4240854957,Blibli.com Merchant Corner,advertising_agency,,"Jalan Aipda K.S. Tubun II C No. 8, Slipi, Palmerah, West Jakarta",,,-6.189576,106.8048353
6255689185,Blue Bird Pool,company,,,,,-6.1612351,106.848242
7839478295,Bluebird Ofiice Park,company,,"Jalan Mampang Prapatan Raya, 60, Mampang Prapatan, South Jakarta",,,-6.2461433,106.8257315
308364119,Bluebird Pool,company,Depok,,,,-6.4003787,106.8256675
6400824085,Bosco,company,,,,,-6.1099223,106.8030872
3573985609,Bosowa Takksi,company,Makassar,,,,-5.1406495,119.4848171
6175036032,Boston Consulting Group,consulting,,Jakarta,+62 21 3006 2888,https://www.bcg.com/offices/jakarta/default.aspx,-6.2171292,106.8181458
121195886,Brantas Abipraya,company,,"Jalan DI Panjaitan, 14, DKI Jakarta",,,-6.2404354,106.8771787
13736830002,Brataco,company,,,,,-6.1774636,106.8120784
375347740,Bringinlife,insurance,Denpasar,"Setiabudi, Denpasar",,,-8.6527385,115.2088759
522853394,Buku Tulis Kiky,company,Denpasar,"Jalan Bypass Gatot Subroto, Denpasar",,,-8.6371951,115.1806198
197318020,Bulog Divisi Regional Sulselbar,company,Makassar,,,,-5.1633017,119.4349141
6274340492,Bumi Putera,insurance,Jakarta,,,,-6.1975266,106.828818
312050207,Bumiputera 1912,insurance,Denpasar,"Jalan Diponegoro, Denpasar",,,-8.6685447,115.2158123
314697658,Bumiputera Muda 1967,insurance,Denpasar,"Jalan Diponegoro, Denpasar",,,-8.6687619,115.2156699
484649860,Bungasari Innovation Center,company,,,,,-6.217881,106.8197951
4196648426,Busan Auto Finance,financial,Denpasar,"Jalan Bypass Gatot Subroto, Denpasar",,,-8.635718,115.2255198
6942821385,CCB Indonesia,company,,,,,-6.2144057,106.8175266
5726702624,CFC,company,,,,,-6.1842447,106.8111636
13999996801,CFC Center,company,,,,,-6.2068265,106.795693
6948432294,CIMB Niaga,company,,,,,-6.2234506,106.8082597
1382765728,CIMB Niaga Finance,financial,Jakarta,Tangerang Selatan,,,-6.2801708,106.7171004
13741826003,CPT Line,company,,,,,-6.1743719,106.8029802
5030538817,CS Finance,company,Semarang,,,,-6.9812831,110.3980443
631930462,CV Batang Pane Baru,company,Medan,,,,3.5368707,98.7113186
10134683673,CV DSM WH,company,,"Jalan Kali Sekretaris, 10, West Jakarta",+628780008492,,-6.1670885,106.7780091
5158408921,CV Mandiri Agung Transport,company,,,,,-6.1318425,106.8163566
523527385,CV Sinar Maju Bali,company,Denpasar,"Jalan Bypass Gatot Subroto, 470, Denpasar",,,-8.6361686,115.1887473
5158409021,CV Sinar Terang,company,,,,,-6.1318746,106.8164169
5158368822,CV Sumber Abadi Jaya,company,,,,,-6.1317869,106.8163136
524436548,CV Sumber Kaca Utama,company,Denpasar,"Jalan Bypass Gatot Subroto, 168, Denpasar",,,-8.6366422,115.1797705
446609133,CV Surya Indah Perkasa,company,Denpasar,"Jalan Bypass Gatot Subroto, Denpasar",,,-8.6388751,115.2051831
375048174,CV Titipan Kilat,company,Denpasar,"Letda Regug, 1, Denpasar",,,-8.6580225,115.2189043
438869909,CV. Aryta Packaging,company,,,,,-6.2173969,106.8918343
3516040673,CV. Teknodaeng Multi Sarana (Teknodaeng),company,Makassar,"Toddopuli Raya Timur, Villa Surya Mas Blok J, 10, Makassar",,http://teknodaeng.co.id,-5.1651991,119.4541397
1198173639,Cahaya Utama Abadi Niaga,company,Bandung,"Bulevar Magna, 16",,,-6.9574506,107.6890348
3888200236,Cakra Studi Global Strategis,research,Surabaya,,,,-7.2713783,112.7591665
6894785886,Capital Life,company,,,,,-6.2128094,106.8204248
316937110,Central Asia Raya,insurance,Denpasar,"P.B. Sudirman, Denpasar",,,-8.6720793,115.2178184
1198173715,Chailease Finance Indonesia,financial,Bandung,"Bulevar Magna, 53, Bandung",,,-6.9583886,107.6895076
445177239,Charoen Pokphand Indonesia,company,Denpasar,"Jalan Bypass Gatot Subroto, 330X, Denpasar",,,-8.6362425,115.2348329
6954192786,China Southern Airlines,company,,,,,-6.2302625,106.8263548
6898407086,China Taiping,company,,,,,-6.2255214,106.8175388
8771686919,Chroma Wedding,company,Denpasar,"Graha Bali Paradiso, 40, Denpasar",,https://chromawedding.com/,-8.7038389,115.2363878
6951189590,Cigna,company,,,,,-6.2283507,106.8326829
453936765,Citra Margatama Surabaya,company,Surabaya,,,,-7.3438511,112.7354062
6887400286,Clipan Finance,company,,,,,-6.1867806,106.7964727
4275635926,Commonwealth Life,insurance,Denpasar,"Jalan Bypass Gatot Subroto, Denpasar",,,-8.6387749,115.2071097
6006889690,Consultant,company,Bandung,"Venus Barat IV, 12",,,-6.9411136,107.6661288
6189209944,Coworking Space,company,,,,,-6.1657938,106.7831402
367257183,DAMRI,company,Denpasar,"Jalan Diponegoro, 194, Denpasar",,,-8.6719905,115.2152361
1371932301,DCT Agency,advertising_agency,Tangerang,,,,-6.3081308,106.6552009
8137198117,DD Pulsa Engine,company,Denpasar,"Komp. Sudirman Agung Jl. PB Sudirman, Blok B No 31",,,-8.6759572,115.2186066
1144812274,DHL,logistics,Bandung,"Bulevar Magna, 38",,,-6.9580186,107.6889812
10911338864,DHL Logistics,logistics,Jakarta,,,,-6.2444769,106.8094601
510055724,DRE Communication,company,,"Jalan Sebret, 8A, DKI Jakarta",,,-6.2853792,106.8329973
13736507711,DSV,company,,,,,-6.1462874,106.8451663
12846767550,DSV Contract Logistics Indonesia - Headoffice,logistics,Jakarta,"Jalan Halim Perdana Kusuma, DKI Jakarta",,dsv.com,-6.2541856,106.882645
13688115014,Dahlia Mustika Rahayu,company,Bekasi,,+62838 0525 1273,,-6.2951687,106.9997164
6251629285,Daikin,company,,,,,-6.1703737,106.8162614
1153739790,Dailybox Avenue,company,,,,,-6.1979697,106.7028698
363343421,Daito Printing,company,Denpasar,"Jalan Hayam Wuruk, 230, Denpasar",,,-8.6631589,115.239786
6953868988,Danamon,company,,,,,-6.2245032,106.8171589
6027670585,Dansulasia Global,company,,"Ruko Boston Square, RK5 No.18",,,-6.3530854,106.9633476
1198173635,Dante Creative,advertising_agency,Bandung,"Bulevar Magna, 26",,,-6.9576342,107.6890193
9819800007,Dapen Telkom Bandung,insurance,Bandung,,,,-6.8996187,107.6286262
5951063755,Dattabot,company,,"Grha Tirtadi, Jl. Senopati No. 71-75, 71-75",+62 21 5202568,https://dattabot.io/,-6.232635,106.8117586
1198173732,Dealoca,company,Bandung,"Bulevar Magna, 9, Bandung",,,-6.9574984,107.6895828
6951438486,Dell EMC,company,,,,,-6.1966604,106.8224492
317387592,Depo Container,company,Makassar,,,,-5.1126291,119.4181606
6187462631,Depo Jayaboard Cipta Masgo,company,,,,,-6.1725867,106.8156692
8301476917,Depo LRT Jakarta,company,,,,,-6.1574904,106.9151238
8301476918,Depo MRT Jakarta,company,,,,,-6.2904732,106.7740645
6956686786,Derma Technologies,company,,,,,-6.1883648,106.7732824
6956712285,Devis Advertising,company,,,,,-6.1851165,106.7821764
7293797999,Dharma Lautam Utama Ferry,company,Surabaya,"Jalan Perak, 512 B7-8",,,-7.202826,112.7338108
1198173607,Digi,it,Bandung,"Jalan Magna Barat, 18",,,-6.9574554,107.6885855
13192381336,Digital Marketing Tangerang Selatan (Groundwork People),advertising_agency,,"Jalan Garuda, tangerang selatan",+62 85959439462,https://groundworkpeople.com,-6.29527,106.7276229
7334417475,Dimensi Logistic,company,,"Jalan Haji Karim, 3, DKI Jakarta",+62218484448,https://dimensilogistic.co.id,-6.3114726,106.9080666
6953819286,Dipo Group,company,,,,,-6.2026928,106.8011765
5726656323,Dipo Kereta Jakarta Kota,company,,,,,-6.1350912,106.8221854
13736829901,Djabesmen,company,,,,,-6.1698165,106.8163965
13266490384,Dua Saudara Jasa,consulting,Bekasi,,,,-6.2667015,107.0165966
5271050421,Duta Indah iconic,company,Tangerang,,,,-6.2186061,106.6325812
13690214716,Dya Decoration,company,Bekasi,,,,-6.2993217,107.0204997
10679202176,D~Net Internet Service Provider,it,Surabaya,"Jalan Mayor Jenderal Sungkono, 89, Surabaya",+62 31 5480500,https://dnetprovider.id/,-7.2924575,112.7204354
12573530628,EST Jakarta,company,,"Jalan Cililitan Besar, no 2, Jakarta Timur",+62 878 8640 0229,https://estjakarta.com/,-6.2654565,106.8775776
7679925444,EXPROOFSTORE.ID,company,,"Jalan Tahi Bonar Simatupang, KAV 18, South Jakarta",,,-6.2993798,106.8319462
6948466086,EY,company,,,,,-6.2232348,106.808576
9156878646,Easy Net,telecommunication,Bandung,"Taman Kopo Indah III Blok E, 73, Bandung",+622254439999,,-6.9691919,107.552776
527476642,EasyGO GPS,company,,"Jl. Parang Tritis Raya, 1.AB, DKI Jakarta",+62 812 8505 9678,https://www.easygo-gps.co.id/,-6.1312914,106.8214588
6187462634,EasyPay,company,,,,,-6.177114,106.8159664
13258199001,Electrolux,company,,,,,-6.1751561,106.8147852
478700174,Elkadaya,company,Tangerang,,,https://www.elkadaya.com/id,-6.2750493,106.6591753
4628958014,Elteha International,company,Denpasar,"Imam Bonjol Square, A15, Denpasar",,,-8.7000086,115.1860013
6894785485,Epson,company,,,,,-6.2059776,106.8216708
3279934867,Equity,financial,Denpasar,"Jalan Diponegoro, A14, Denpasar",,,-8.6651451,115.2148542
372807806,Equity Life Indonesia,insurance,Denpasar,"Raya Puputan, Denpasar",,,-8.6730544,115.2428181
3281407699,Etrading Securities,company,Denpasar,"Raya Puputan, Denpasar",,,-8.6734423,115.2341217
5726685532,Ex. Balai Yasa SJS,company,Semarang,,,,-6.9632755,110.4321976
5726685530,Ex. Balai Yasa Samarang N.I.S,company,Semarang,,,,-6.9548207,110.4318138
5726685526,Ex. Kantor NV. Samarang Joana Stoomtram Maatschappij (NV. SJS),company,Semarang,Jalan Ronggowarsito,,,-6.9638061,110.4312149
5726685533,Ex. Stasiun Semarang Pelabuhan,company,Semarang,,,,-6.954845,110.4199451
9971637801,Exito Bali,it,Denpasar,"Jalan Kembang Matahari, Denpasar",+6281999082888,https://www.exitobali.com/,-8.6501932,115.2387217
4863109278,F 101,company,Bandung,,,,-6.8981882,107.6456559
4863109277,F 102,company,Bandung,,,,-6.8982054,107.6457119
4863109276,F 103,company,Bandung,,,,-6.8982209,107.645766
4863109275,F 104,company,Bandung,,,,-6.8982392,107.6458293
4863109274,F 105,company,Bandung,,,,-6.8982587,107.6458832
4863109273,F 106,company,Bandung,,,,-6.8982757,107.6459487
4863109272,F 107,company,Bandung,,,,-6.8982455,107.6459727
4863109271,F 108,company,Bandung,,,,-6.8981958,107.6459863
4863109270,F 111,company,Bandung,,,,-6.8981499,107.6459475
4863109269,F 112,company,Bandung,,,,-6.8981142,107.6458926
4863109263,F 113,company,Bandung,,,,-6.8980474,107.6459068
4863109262,F 114,company,Bandung,,,,-6.8979781,107.6459107
4863109261,F 115,company,Bandung,,,,-6.897947,107.6459197
4863109264,F 116,company,Bandung,,,,-6.8979355,107.645866
4863109265,F 117,company,Bandung,,,,-6.8981357,107.6456572
4863109266,F 118,company,Bandung,,,,-6.8980769,107.6456764
4863109267,F 119,company,Bandung,,,,-6.8980884,107.6457259
4863109268,F 122,company,Bandung,,,,-6.8979449,107.6457989
4863109257,F 201,company,Bandung,,,,-6.8981523,107.6457126
4863109256,F 202,company,Bandung,,,,-6.8981691,107.6457844
4863109255,F 203,company,Bandung,,,,-6.8981866,107.6458487
4863109254,F 204,company,Bandung,,,,-6.8982026,107.6459077
4863109253,F 205,company,Bandung,,,,-6.8980803,107.6458487
4863109252,F 206,company,Bandung,,,,-6.8980352,107.6458555
4863189965,F 207,company,Bandung,,,,-6.8979779,107.645877
11299464547,F/F Entertainment,consulting,,"Jalan Laksana II, 6, South Jakarta",+6281259226886,https://www.facebook.com/festivefileds/,-6.2375076,106.8160199
196472803,FIF Group,financial,Makassar,"Jalan Sungai Walanae, 2, Makassar",,,-5.1473413,119.4239773
3233780913,FIFGroup,company,Denpasar,"Jalan Teuku Umar, 43, Denpasar",,,-8.6706941,115.2099932
6894784686,FKS Group,company,,,,,-6.2167635,106.8182494
13608915746,FM Global,logistics,Bandung,76;78,,,-6.9595196,107.6993619
9963088046,FO Sunset,company,Denpasar,,,,-8.6903572,115.1724602
5426230721,Fiberstar Surabaya Ketintang,company,Surabaya,,,,-7.3184408,112.7314476
7709217805,Finmas - Fintech P2P Lending,financial,Jakarta,Jalan Doktor Ide Anak Agung Gde Agung,,,-6.2263197,106.8255682
426896940,First Media,telecommunication,Surabaya,,+62211500595,https://www.firstmedia.com/,-7.2702607,112.7511588
1198173686,GNS,company,Bandung,"Bulevar Magna, 69, Bandung",,,-6.9589547,107.6894461
6252754291,Gading Murni,company,,,,,-6.1775093,106.817857
4991472625,Ganesha Operation Gedung A,company,Bandung,Jalan Sarimanah,,,-6.8783195,107.5772542
312071765,Garuda Indonesia,company,Denpasar,"Sugianyar, Denpasar",,,-8.6585363,115.2180493
6953993696,Geco Coworking Space,company,Surabaya,"Jalan Ratna, 14, Ngagel, Wonokromo, Surabaya",,,-7.292343,112.7453772
491283339,Gedung ACC Kramat Kwitang,insurance,Jakarta,,,,-6.1801266,106.840822
196067477,Gedung Balai Kartini Makassar,company,Makassar,,,,-5.131377,119.4229438
483382056,Gedung Dana Pensiun Telkom,telecommunication,Jakarta,"Jl. Penataran No. 9, DKI Jakarta",,,-6.2030076,106.8451582
121551472,Gedung Garuda Indonesia,company,,"Jalan Gunung Sahari Raya, DKI Jakarta",,,-6.1601448,106.8381139
633744898,Gedung IRC Tanjung Sari,company,Medan,,,,3.5457412,98.6244657
311688753,Gedung Indovision,company,Denpasar,"Jalan Diponegoro, Denpasar",,,-8.668158,115.2159875
633491604,Gedung Infomedia Nusantara Telkom,telecommunication,Bandung,,,,-6.9511038,107.6367901
255540726,Gedung Philips,company,,,,,-6.2783903,106.8293338
255540805,Gedung Signify,company,,,,,-6.2778669,106.8295073
255540804,Gedung Tetra Pak,company,,,,,-6.2781657,106.8289949
121129325,Gedung Wirausaha,company,,"Jalan Hajjah R. Rasuna Said, C-5, Jakarta Selatan",,,-6.2138951,106.8312077
3960837457,Generali Insurance Group,insurance,Denpasar,"Jalan Raya Sesetan, Denpasar",,,-8.7061355,115.2203213
14093890911,Global Digital Niaga,company,Bandung,,,,-6.9493781,107.6160246
8826330319,GoJek HQ,company,Denpasar,"Jalan Teuku Umar Barat, 41",+622150251110,https://www.go-jek.com/blog/bali/,-8.6813377,115.1961658
6898406887,GoWork,company,,,,,-6.2269428,106.826253
6816794565,Godrej,company,,,,,-6.1745838,106.7888781
5080825724,Grab,company,Bandung,"Ruko Paskal Hypersquare, Bandung",,,-6.9146774,107.5937233
4561504298,Grab Bali Office,company,Denpasar,"Imam Bonjol Square, A 27, Denpasar",,,-8.700096,115.1863851
12079590681,Grafika Pariwara | PT. GRAFIKA PARIWARA KUSUMAH,advertising_agency,Bandung,"Jl. Inhoftnak, Kota Bandung",+62 821 1982 5032,https://grafikapariwara.com,-6.9411279,107.6031462
5267381438,Grahaesa,company,,"Jalan Raya Gading Kirana, DKI Jakarta",,http://grahaesa.com,-6.1508124,106.8970789
6910823892,Grant Thornton,company,,,,,-6.2168505,106.8180633
6951189589,Great Eastern,company,,,,,-6.2327315,106.8313101
6380674088,Green Lake City Ruko Wallstreet,company,,,,,-6.1794552,106.7114264
11036658917,Grha SanQua,company,,"Jalan Bintaro Permai, 26, DKI Jakarta",,,-6.2571004,106.7644709
1175013181,Grha Telkom,company,Tangerang,Jalan Pahlawan Seribu,,,-6.2777091,106.6620875
446534958,Grha Wonokoyo,company,Surabaya,"Jalan Raya Darmo, Surabaya",,,-7.2905459,112.739435
563188407,Gudang & Kamar Tera Kalisari,company,Semarang,,,,-6.9919733,110.404618
4271458255,Gudang Alumex,company,Medan,,,,3.575672,98.6854929
514123221,Gudang Billboard,advertising_agency,,,+62 877 8889 9283,https://billboard.mikkaintermedia.co.id/,-6.3308951,106.8607177
1444858632,HYDAC Indonesia,company,Tangerang,"Jalan Raya Cisauk, Tangerang",,https://www.hydac.com/id-id/,-6.3166655,106.6525652
13748217801,Hadi Motor,company,Bandung,,,,-6.9043053,107.6670917
228953400,Halodoc,company,,"Jalan Setia Budi Selatan, DKI Jakarta",,,-6.2114244,106.8294056
7732715981,Hamparan Stone,company,,"Jl. Arteri Mangga Dua, Blok F4 No. 25, Jakarta",,,-6.1364703,106.8275543
4196577568,Hanwha Life,insurance,Denpasar,"Jalan Bypass Gatot Subroto, Denpasar",,,-8.6359599,115.2199679
4258094464,Harapan Indah Cahaya Timur. PT,company,Surabaya,"Perkantoran Pondok Chandra Indah, Blok TD/33, Surabaya",,,-7.3413726,112.7702903
6249714156,Harian Umum Pelita,company,,,,,-6.2133254,106.8443217
13734230901,Harta General Insurance,insurance,Jakarta,,,,-6.1702404,106.8138733
5036282888,Hawastu.com,advertising_agency,Semarang,,,,-6.9903104,110.4035995
11409159718,Head Office PT. Solomon Indo Global,company,Surabaya,"Jalan Raya Pandugo Timur, 19, Surabaya",,https://solomonindoglobal.id/,-7.3202312,112.7921006
6948708885,Heksa Insurance,insurance,Jakarta,,,,-6.2253484,106.8281488
444897509,Herona Express,company,Denpasar,"Jalan Bypass Ngurah Rai, 26A, Denpasar",,,-8.6417101,115.2543443
11586233926,Hexa Conservation Indonesia,company,,"Jalan Jenderal Sudirman, Sampoerna Strategic Square, North Tower, 11th Floor, Jakarta Pusat",+62 812 9247 0079,https://hexaconservation.com,-6.2166455,106.8178634
1198173687,Hijacket,company,Bandung,"Bulevar Magna, 71, Bandung",,,-6.9590011,107.6894424
13736830001,Himoinsa,company,,,,,-6.1778276,106.8121944
9132842544,Holywings Group,company,Tangerang,,,,-6.3009761,106.654513
7708992439,Home Living Indonesia,company,,,,,-6.2224037,106.8227733
6894227985,Honeywell,company,,,,,-6.2302376,106.8262448
363343447,Hutama Karya,company,Denpasar,"Jalan Hayam Wuruk, 171, Denpasar",,,-8.6600028,115.2402316
6956377186,IDN Media,company,,,,,-6.2314948,106.8215968
6255672990,INKA,company,,,,,-6.1527474,106.8360264
6335497486,IPC,company,,,,,-6.108172,106.8833346
13019847301,Iconic Bundaran HI Network,advertising_agency,,"Plaza Indonesia, Jl. M.H. Thamrin No.Kav.28-30, Jakarta Pusat, Kota Adm. Jakarta Barat",,,-6.1940809,106.8218355
13020645902,Iconic Mega,advertising_agency,,"Letjen S. Parman St No.Kav. 28, South Tanjung Duren, Grogol petamburan, West Jakarta City, Jakarta 11470, Kota Adm. Jakarta Barat",,,-6.1762171,106.7912409
13020452201,Iconic Mega Mendung,advertising_agency,,"Jl. Letjen S. Parman No.Kav. 28, Tj. Duren Sel., Kec. Grogol petamburan, Kota Jakarta Barat, Daerah Khusus Ibukota Jakarta 11470, Kabupaten Aceh Barat Daya",,,-6.1752672,106.7913416
13020333602,Iconic Testing,advertising_agency,,"Jl. Letjen S. Parman No.Kav. 28, Tj. Duren Sel., Kec. Grogol petamburan, Kota Jakarta Barat, Daerah Khusus Ibukota Jakarta 11470, Kota Adm. Jakarta Barat",,,-6.1760352,106.7913416
13020371201,Iconic Testing 2,advertising_agency,,"Jl. Letjen S. Parman No.Kav. 28, Tj. Duren Sel., Kec. Grogol petamburan, Kota Jakarta Barat, Daerah Khusus Ibukota Jakarta 11470, Kota Adm. Jakarta Barat",,,-6.1756938,106.7910842
5025505703,Independent Research & Advisory Indonesia,research,Jakarta,"Jalan Cikini Raya, 3, Central Jakarta",+62 21 3152 382,http://iraigeospasial.com,-6.187418,106.8366735
6335374588,IndiHome,company,,,,,-6.1101443,106.8843967
6948544489,IndoSterling,company,,,,,-6.2271448,106.800941
9963082957,Indodax Sunset Road,company,Denpasar,,,,-8.6902269,115.1723923
13647733725,Indolife,insurance,Bandung,,,,-6.9046416,107.6104893
6953875887,Indonesia Power,company,,,,,-6.2302042,106.8209121
524408228,Indosat Ooredoo,telecommunication,Denpasar,"Jalan Bypass Gatot Subroto, Denpasar",,,-8.6367014,115.1917396
13736829905,Indotek,company,,,,,-6.1760822,106.8118128
4240852298,Infinia Park,company,,"Jl. Dr. Saharjo, 45, South Jakarta",,,-6.2127738,106.8460984
428198047,Izatta Wedding Organiser,company,Denpasar,"Ciung Wanara 1, 44, Denpasar",,http://www.baliizattawedding.com/,-8.6742324,115.2375148
1537618058,J&T Cargo,logistics,Bandung,"Jalan Abdul Haris Nasution, 218",,,-6.9185364,107.7071274
10991773415,J&T Droppoint Katamso,logistics,Medan,,,,3.5649807,98.6897326
6790495488,J&T Express,company,Bandung,,,,-6.9037836,107.6658591
6185595091,JD.ID After Sales,company,,,,,-6.1679649,106.8085364
6210540991,JNE,company,,,,,-6.1781437,106.7979475
722943109,JNE Express,company,Denpasar,"Jalan Danau Poso, Denpasar",,,-8.7048345,115.2471402
9336803361,JNE Logistics,logistics,Jakarta,,,,-6.1936086,106.8615727
6255570500,JNE Warehouse,company,,,,,-6.1616767,106.8458733
11922289726,Jakpro,company,,,,,-6.194482,106.8175506
154078980,Jamkrindo,financial,Jakarta,"Jalan Angkasa Raya, Blok B-9 Kav 6, Jakarta Pusat",+62 21 6540335,https://www.jamkrindo.co.id/,-6.1557376,106.8454037
6894785385,Japan Airlines,company,,,,,-6.2060676,106.8216552
1064216198,Jasa Cargo Ekspedisi Surabaya NCT,company,Surabaya,"Jl. Kalimas Baru No.29, Blok B-6, Tanjung Perak, Kec. Pabean Cantian, 29, Surabaya",+62 31 3282030,https://nctsurabaya.com,-7.2215639,112.7359402
1367429817,Jasa Marga,company,Tangerang,,,,-6.3109998,106.6412849
4295053425,Jasa Pengaspalan - Aspalin Construction,company,,,+62 819 1026 3554,https://www.aspalin.com/jasa-pengaspalan-jalan/,-6.1970668,106.7076938
339579452,Jasa Raharja,insurance,Semarang,"Imam Bonjol, 131, Semarang",,,-6.9772703,110.4118764
5541514921,JasaWebMedan,company,Medan,"Jalan Eka Warni 1A, 1",+6285296929820,https://www.jasawebmedan.com,3.5211687,98.6715443
1237314304,Jasamarga Surabaya Mojokerto,company,Surabaya,,,,-7.3464566,112.7139166
327943261,Jiwasraya,insurance,Denpasar,"Raya Puputan, 23B, Denpasar",,,-8.6723478,115.2257615
1774692085,Jne Setiabudi,company,,,,,-6.2108688,106.825068
6951472185,Johnny Andrean,company,,,,,-6.2238253,106.826619
8301722438,Johnson Health Tech Indonesia,company,,"Jalan Panjang Raya, No. 2A, DKI Jakarta",+62 21 58302874,www.johnsonhealthtech.id,-6.182214,106.7669501
509924837,Jujungnet Id,telecommunication,Jakarta,,,,-6.3441151,106.8847626
6252028485,KA Pariwisata,company,,,,,-6.1664209,106.830371
513330102,KAI Services WIlayah 2 Bandung,company,Bandung,"Jalan Stasiun Timur, 6",,,-6.9148795,107.6031736
498715223,KIA Motors,company,,,,,-6.1378913,106.86598
9363265815,KJPP Ayon Suherman & Rekan Depok,company,Depok,"Jalan Boulevard Grand Depok CIty, Tirtajaya, Sukmajaya, Depok",+62 21 77836860;+62 21 77836861;+62 21 77836862,,-6.4200469,106.8280406
6274294686,KPBN,company,,,,,-6.1876161,106.8340275
6953819187,KPMG Siddharta Widjaja & Rekan,company,,,,,-6.2175647,106.81292
491489926,Kaeser Compressors,company,,,,,-6.1780732,106.7290762
14050041601,Kalbe Business Innovation Center (KBIC),company,,Jalan Pulo Gadung,,,-6.194118,106.9174763
5159997221,Kalog Express,company,,,,,-6.1317462,106.8162619
184885828,Kantor Arsip & PDAM Kota Surabaya,company,Surabaya,,,,-7.2711774,112.7421158
10548498378,Kantor CV. Arindra Production,company,Surabaya,"Jalan Bendul Merisi Selatan III, 102, Bendul Merisi, Wonocolo, Kota SBY, Jawa Timur, Indonesia",,https://www.arindraproduction.co.id/,-7.310736,112.7447839
497086808,Kantor DAMRI Divisi Regional,company,,DKI Jakarta,,,-6.1601205,106.8485684
4991461622,Kantor Go-Jek Bandung,company,Bandung,Jalan BKR,,,-6.938319,107.619314
9813510992,Kantor Grab Surabaya,company,Surabaya,,,,-7.2626739,112.7488901
153883983,Kantor KAI Daop 2 Bandung,company,Bandung,"Jalan Stasiun Selatan, 1, Bandung",,,-6.9151251,107.60203
10568142909,Kantor Martha Tilaar (Holding),company,,"Jalan Pulokambing II, 1",,,-6.1942564,106.9075957
1320914938,Kantor Maxim Indonesia,company,Bekasi,"Jalan K. H. Noer Ali, 192, Kota Bekasi",,https://id.taximaxim.com,-6.248,106.9872051
12223605479,Kantor Maxim Indonesia - Depok,company,Depok,"Jalan Proklamasi, 10D, Kota Depok",,https://id.taximaxim.com,-6.3931512,106.8433496
12229142884,Kantor Maxim Indonesia - Semarang,company,Semarang,"Jalan Kenconowungu Tengah I, 30, Kota Semarang",,https://id.taximaxim.com,-6.9773896,110.3928513
157361261,Kantor PALYJA/PAM Jaya Cab. Kebayoran Baru,company,,,,,-6.2396094,106.7891381
402035744,Kantor PLN Area Tanjung Priok,company,,,,,-6.1472383,106.8891027
525515362,Kantor PLN Cab Penjaringan,company,,,,,-6.1363253,106.7971515
234203594,Kantor PT. KIMA,company,Makassar,,,,-5.1046898,119.4979277
525787705,Kantor Pegadaian,insurance,Jakarta,,,,-6.13701,106.7914577
6679602637,Kantor Pemasaran Kota Harapan Indah,advertising_agency,Bekasi,"Jl. Harapan Indah Boulevar, Kav.26A",+622188986688,https://www.damaiputra.com,-6.1819686,106.973118
4438813753,Kantor Pemasaran Permata Legenda,company,Bekasi,"Jalan Zamrud Utara, Bekasi",,,-6.310356,107.022334
446524881,Kantor Pertamina Marketing Operation Region V,company,Surabaya,,,,-7.3021681,112.7418849
277859640,Kantor Pertamina Regional VII Makassar,company,Makassar,"Jalan Garuda, Makassar",,,-5.1507156,119.4111581
1320914937,Kantor Pusat Maxim Indonesia,company,,"Jalan Warung Jati Barat, 16, Jakarta Selatan",,https://id.taximaxim.com,-6.2848498,106.8261738
121716527,Kantor Pusat PT Indosat,telecommunication,Jakarta,"Jalan Medan Merdeka Barat, 21, DKI Jakarta",,,-6.1801205,106.8214124
119762183,Kantor Pusat PT Pos Indonesia Bandung,company,Bandung,,,,-6.9020661,107.6198184
155956667,Kantor Pusat Perusahaan Umum Pengangkutan Penumpang Djakarta (PPD),company,,,,,-6.2450924,106.8785183
455023742,Kantor Radio Suara Surabaya FM 100,telecommunication,Surabaya,,,,-7.2905608,112.7272071
9525974379,Kantor STO Telkom Sawangan,it,Depok,"Jalan Sawangan Raya, Depok",,https://www.telkom.co.id/,-6.3958168,106.7761706
9525944476,Kantor Telkom Cinere,it,Jakarta,"Cinere Raya, Depok",,https://www.telkom.co.id/,-6.3443283,106.7784447
156270924,Kantor Telkom Pluit Selatan,company,,,,,-6.1251816,106.7850336
632234368,Kantor Telkom Tegalega,company,Bandung,,,,-6.9475371,107.6087029
1107489008,Kantor Telkom Unit Consumer Service Regional III Jawa Barat,telecommunication,Bandung,,,,-6.9054138,107.6294968
10607510623,Karamel Kreativindo Digital Internasional,consulting,,"Jalan Kayu Manis VIII, 54, DKI Jakarta",+62 895 0979 3015,karamelkreativindo.com,-6.206365,106.8643925
6210540792,Karindo Alkestron,company,,,,,-6.1777476,106.7986005
7479711085,Karunia Photo Semarang,company,Semarang,"Jalan Gajah Raya, 17",,,-6.9987337,110.4452925
4258110507,Kayu Selasihan Indah. PT,company,Surabaya,"Jl. Kalikepiting, 135, Surabaya",,,-7.264318,112.7788481
6252027189,Kereta Commuter Indonesia,company,,,,,-6.1659966,106.8304489
6219012685,Khatulistiwa Group,company,,,,,-6.182479,106.8131419
536624126,Kobanter Baru,company,Bandung,,,,-6.8914046,107.6255364
6255583792,Kobexindo,company,,,,,-6.162551,106.8411756
7708992440,"Koléga x MarkPlus, Satrio",company,,,,,-6.222648,106.8229571
6281912488,Kompas Sirkulasi,company,,,,,-6.2769623,106.7961067
8120343070,Komputermu,it,Surabaya,"Jalan Simo Mulyo Baru, 2G/21A, Sukomanunggal",+62 822-2808-1492,https://komputermu.com,-7.2741693,112.7041509
6201180092,Konimex,company,,"Jalan KH. Wahid Hasyim, 162",,,-6.186694,106.820554
312889513,"Konsultan Pajak ""Prima Artha Konsultama""",financial,Denpasar,"Jalan Teuku Umar, Denpasar",,,-8.6693827,115.2108713
7406367473,Kontraktor Interior Duta Laras Cipta CV,company,,"Jalan Raya Gandul, Apartemen Cinere Resort, Cinere, Depok",,,-6.3362442,106.7938018
299080062,Kopegtel Kantor Perusahaan - Unit Foto Copy & Percetakan,company,Bandung,"Japati, 1, Bandung, Jawa Barat",,,-6.8953148,107.6179374
844320182,Koperasi Gowa Abadi,company,Makassar,,,,-5.2084936,119.4522914
416084289,Korin Muliajaya,company,Denpasar,"Jalan Bypass Ngurah Rai, 5, Kuta",,,-8.722048,115.1856532
339610405,Kospin Jasa Syariah,company,Semarang,,,,-7.0011021,110.4329918
9941378695,Kredivo Operations Office,company,,"Jalan Tomang Raya, 1, DKI Jakarta",+62 807 1 573 348,https://www.kredivo.id/,-6.1786649,106.7969325
516261404,Kresna Transport,company,Denpasar,"Jalan Bypass Ngurah Rai, Denpasar",,,-8.6664485,115.2557995
5123512123,Ksp Kodanua,company,Bandung,,,,-6.9611938,107.6245929
3181085359,Kudo,company,,,,,-6.2534255,106.7909183
523527386,Kyocera,company,Denpasar,"Jalan Bypass Gatot Subroto, Denpasar",,,-8.6361874,115.1888227
6883918586,L'Oreal Indonesia,company,,,,,-6.2238057,106.8227334
523532152,LG Indonesia,company,Denpasar,"Jalan Bypass Gatot Subroto, Denpasar",,,-8.6364665,115.1830274
6274252600,LIPI Press,company,,,,,-6.1933251,106.8365897
11399385385,LIPPO ST MORITZ OFFICE TOWER,company,,"Jalan Puri Indah, DKI Jakarta",,,-6.1884269,106.7385661
8398712157,LTI Express,company,Surabaya,"Jalan Tanjung Batu, 21k12, Perak Barat",+6282120204099,https://ltiexpress.id/,-7.2210348,112.7265469
381656810,Lab Kimia Farma Cihampelas,research,Bandung,,,,-6.9059725,107.6041651
1385346610,Laboratorium Pengujian Air,research,Tangerang,,,,-6.1951872,106.6276664
13334575527,Labtek Indie,research,Bandung,,,,-6.8968872,107.6196694
11980055766,Laena Tour,company,Bekasi,,,,-6.2956499,106.997403
2784898365,Lazada Tanah Abang,advertising_agency,,,,,-6.198739,106.81506
564994061,Learning Event Area IV Jawa Tengah dan DIY,company,Semarang,,,,-7.0050513,110.4271632
577032202,Lembaga Penelitian dan Pengabdian Masyarakat (LPPM UNNES),research,Semarang,"Kampus Sekaran, Semarang",,https://unnes.ac.id/lppm,-7.0488242,110.3906851
393586625,Lembaga Perkreditan Desa Panjer,financial,Denpasar,"Jalan Waturenggong, Denpasar",,,-8.6786446,115.2254561
1443168852,Lestari Corp,company,Bandung,07,,,-6.9602758,107.7006528
13887626488,Lili Wedding,consulting,Bekasi,,,,-6.2903809,106.9997496
524545360,Lim Siang Huat Balindo,company,Denpasar,"Jalan Mahendradatta, Denpasar",,,-8.6695942,115.1906438
1198173603,Linear Cargo,logistics,Bandung,"Jalan Magna Barat, 8",,,-6.9572744,107.6886029
1198173605,Lion Parcel,logistics,Bandung,"Jalan Magna Barat, 12",,,-6.9573649,107.6885942
516581333,Lippo CyberPark,company,Tangerang,"Jalan Boulevar Gajahmada, Tangerang",,,-6.2200708,106.6216285
636731416,Lobby PT PLN Penyaluran dan Pusat Pengaturan Beban Sumatera Bagian Utara,company,Medan,,,,3.6152876,98.6705448
12409036396,LogID,logistics,Jakarta,"Jalan Raden Ajeng Kartini, 26, South Jakarta",+6285117110115,https://www.logid.id,-6.2915296,106.7920827
651167611,MAPID,company,Bandung,"Mekar Raya, 11, Kab Bandung",,,-6.9738883,107.5511389
12223605480,MAXIM - Kantor Mitra Bandung,company,Bandung,"Jalan Logam, 42D, Kota Bandung",,https://id.taximaxim.com/en/7831-bandung/contacts/,-6.9592634,107.6439645
13729978551,MAXIM - Kantor Mitra Bekasi,company,Bekasi,"Jalan Perjuangan, 33, Kota Bekasi",,https://id.taximaxim.com/en/9408-bekasi/contacts/,-6.2229095,107.0108183
6953868989,MOL,company,,,,,-6.2300571,106.8208161
9979139669,MPG Visa Extension,company,Denpasar,,,,-8.7009751,115.1744876
6880085685,MPM Insurance,insurance,Jakarta,,,,-6.1866019,106.7963979
363343415,MSA Kargo,company,Denpasar,"Jalan Hayam Wuruk, 238, Denpasar",,,-8.6637751,115.2400978
9977133814,MSA Kargo Legian,logistics,Denpasar,,,,-8.6990116,115.1764319
582743796,MSC KIMA Indosat Ooredoo Hutchinson Makassar,telecommunication,Makassar,,,,-5.0988315,119.5023431
1381598937,MSIG,insurance,Bandung,,,,-6.9528026,107.6064005
13258196202,Madu Nusantara,company,,,,,-6.1755997,106.8142558
6954211185,Maesk,company,,,,,-6.2109419,106.8156784
5696958823,Mandiri Club,company,,,,,-6.2325051,106.8017562
521474163,Mandiri Digital Tower (Bank Mandiri),company,,"Jalan Letnan Jenderal S. Parman, Jakarta Barat",,,-6.1738128,106.7917221
197289190,Mandiri Sekuritas Makassar,financial,Makassar,"Jalan Veteran Utara, Maradekaya Utara, 255, Makassar",,,-5.1448465,119.4251351
9468501645,Mandiri Sekuritas Medan,financial,Medan,"Jalan Perintis Kemerdekaan, 1B, Medan",+62 61 8050 1825,https://most.co.id/,3.5974783,98.6787564
5142535990,Mandiri Tunas Finance,company,,DKI Jakarta,,,-6.1365745,106.831447
3851373375,Mandiri Utama Finance,financial,Denpasar,"Jalan Bypass Gatot Subroto, Denpasar",,,-8.6353128,115.2512171
6894785887,Manulife,company,,,,,-6.2168187,106.8183585
1354859538,Marga Trans Nusantara,company,Tangerang,,,,-6.2674606,106.6860142
11616051211,Margatama Nusantara,company,Tangerang,,,,-6.3071441,106.6873705
9780483867,Markas PMI Provinsi Jawa Tengah,company,Semarang,,,,-7.0300679,110.4563658
13542282442,Marruki,it,Makassar,"Blok C, 81, Makassar",,,-5.1817227,119.4851168
1198173601,Maslam,it,Bandung,"Jalan Magna Barat, 2",,,-6.9571839,107.6886118
9933410150,Maxsi Reklame Padangsambian Kelod,advertising_agency,Denpasar,,,,-8.6818679,115.1774908
445056569,Maybank Finance,financial,Denpasar,"Jalan Bypass Gatot Subroto, 193, Denpasar",,,-8.6358563,115.2301793
6535153418,McKinsey & Company,consulting,,,+622157986600,https://www.mckinsey.com/id,-6.2173253,106.8130071
4196577992,Mega Auto Finance,financial,Denpasar,"Jalan Bypass Gatot Subroto, Denpasar",,,-8.6355293,115.2219106
1198173727,Meitech,company,Bandung,"Bulevar Magna, 21, Bandung",,,-6.9577326,107.6895631
121129295,Menjangan Sakti,company,,"Jalan Setia Budi Selatan, DKI Jakarta",,,-6.2120685,106.8293874
5835021889,Mercedes-Benz,company,,,,,-6.1957138,106.8241935
1443168763,Merry Riana,advertising_agency,Bandung,76,,,-6.9591256,107.7012816
13991981301,Metrosolusindo Bal Office,company,Denpasar,"Jalan Sri Rejeki, Badung",,,-8.698095,115.174328
4146363025,MidPlaza,company,,"Jalan Jenderal Sudirman, Kav 10-11, Central Jakarta",,,-6.2097773,106.820931
482138739,MidPlaza 1,company,,,,,-6.2093061,106.8207396
13736830003,Midea,company,,,,,-6.1747965,106.8114373
9121416957,Miindonews,it,Jakarta,"Jalan Pramuka Sari I, No. 7A, DKI Jakarta",+62 21 2124 2382,https://miindonews.co.id/,-6.1882984,106.8700983
5512943723,Minanga group,company,,"Jalan Suryo Raya, 27",,http://minanga.co.id,-6.2358857,106.8140218
6206529687,Mirah Delima Sumur Batu,company,,"Zamrud, 25",,,-6.1624989,106.8708246
1198173660,Missie,company,Bandung,"Bulevar Magna, 78",,,-6.9585836,107.6889324
12112326669,"Mitra Manunggal Mandiri, PT.",company,Bekasi,"Jalan Ahmad Yani, Bekasi City, West Java",,https://mitramanunggal.com/,-6.2453062,106.9918882
374819645,Mitrais,it,Denpasar,"Gang Mina Utama, 1, Denpasar",,,-8.7159888,115.2207806
561404233,Mitrais (Sanur B),it,Denpasar,"Gang Mina Utama, 1, Denpasar",,,-8.715979,115.2210642
6894785885,Mitsubishi,company,,,,,-6.2058505,106.8216956
6239570890,Modena,company,,,,,-6.2257824,106.8302383
11309081607,Moduit Digital Indonesia,company,Bandung,"Paskal Hyper Square Blok D 26-27, Jl. Pasir Kaliki No.25, Ciroyom, Kec. Andir, Kota Bandung, Jawa Barat, Bandung",+62 21 50202900,https://moduit.id,-6.9143851,107.5943964
3758652737,Monex Investindo Futures,financial,Denpasar,"Jalan Teuku Umar, 188, Denpasar",+62 361 223 000,https://www.mifx.com/,-8.6795853,115.2039948
424226992,Morodadi Prima,company,Denpasar,"Jalan Mahendradatta, Denpasar",,,-8.6787817,115.190595
12589914299,Multi Power Aditama,company,,,,,-6.1249833,106.7779923
13597352170,Mutiara,financial,Bandung,"Jalan Abdul Haris Nasution, 291",,,-6.917039,107.7059779
13003711322,MyCloudindo,company,Tangerang,Jalan BSD Raya Utama,,,-6.2780196,106.6368376
1245573122,NBRS Corp,company,,,,,-6.263633,106.7153307
6894787685,NTT,company,,,,,-6.2237805,106.8229389
6400823986,Naili Ocean,company,,,,,-6.1079971,106.8026556
13588861375,Nanotech Protection,company,Bandung,,,,-6.9166305,107.7082705
12213183386,Nazaridev,it,Semarang,"Jalan Borobudur Timur XIII, RT05 RW08, Semarang",+62 821-3604-4843,https://nazaridev.vercel.app,-6.9998755,110.375467
6910823893,Net1 Indonesia,company,,,,,-6.2169564,106.8183224
11890689082,New Missna Entertainment,company,Bekasi,,,,-6.2976032,106.9956173
3659598581,Ngobas,company,,"Jl. Pamulang Permai Tim. 3D No.34, B nomer 5, Pamulang",+62 21 74714801,https://ngobas.com/,-6.3329511,106.7369118
10741151467,Ninja,logistics,Jakarta,,,,-6.2542046,106.8012671
425684379,Nippon Paint,company,Denpasar,"Jalan Pulau Kawe, 30, Denpasar",,https://www.nipponpaint-indonesia.com/,-8.6792084,115.2067182
155956691,Nissan Halim,company,,,,,-6.2483323,106.8809678
6898407285,Nokia,company,,,,,-6.2245793,106.8169412
13769750615,Noxindo Cakrawala,company,Bekasi,,,powercableindonesia.com,-6.2924952,106.9892081
444897526,Nusa Raya Cipta,company,Denpasar,"Jalan Bypass Ngurah Rai, 38, Denpasar",,,-8.6432332,115.2550078
487257978,OSCT Indonesia,company,,"Jalan Kramat Kwitang, 36",,,-6.1819377,106.8374736
6190349487,Oasis Waters International,company,,,,,-6.1817263,106.8159505
13545153228,Office TakeGo,it,Makassar,"Kompleks Graha Surandar 3, 9, Gowa",+6281257943444,https://takego.id,-5.2020939,119.4766527
6255583785,Oktagon.co.id,company,,,,,-6.159631,106.8377926
570124367,Olah Data Semarang,it,Semarang,Semarang,+6285227746673,https://olah-data-semarang.business.site/,-7.0247059,110.484349
13242787314,Olahkarsa Inovasi Indonesia,company,Bandung,80;82,,,-6.9591415,107.7014107
3626103941,OmiqloBadut,company,,"Al Baidho Raya, Rt.06/06 No.53, Jakarta Timur",+62 21 87798835,http://omiqlobadut.wordpres.com,-6.293008,106.9008539
12673456092,Optibis,company,Bandung,"Jalan Pamanukan, 12, Bandung",+62-877-7257-7020,https://optibis.id,-6.911577,107.6549323
124051868,Opticore Technology,it,Bandung,"Jalan Tubagus Ismail XII, 8, Bandung",,https://opticore.tech,-6.8838484,107.6205453
4196577901,Otokredit Multi Finance,financial,Denpasar,"Jalan Bypass Gatot Subroto, Denpasar",,,-8.6355445,115.2200899
4143005593,PAKET INTERNET STORE,telecommunication,Bandung,Jalan Soekarno-Hatta,,,-6.9414907,107.6535143
154839315,PAM Jaya,company,,,,,-6.1529969,106.8793816
197196788,PD Parkir Makassar Raya,company,Makassar,,,,-5.1624212,119.410303
381441270,PDAM Badung,company,Denpasar,"Jalan Bedahulu, 3, Denpasar",,,-8.6356824,115.2159063
499661114,PDAM Kebalen,company,Bekasi,,,,-6.1832286,107.0380624
375354160,PDAM Kota Denpasar,company,Denpasar,"Jalan Ahmad Yani, 98, Denpasar",,,-8.6390355,115.2120464
195960305,PDAM Kota Makassar Kantor Pelayanan Wilayah I,company,Makassar,,,,-5.1273496,119.4184962
6269626703,PDAM Tirta Kerta Rahaja Penagihan & Pelayanan Wilayah II,company,Tangerang,,,,-6.1873837,106.5986295
6155553485,PDAM Tirta Kerta Raharja,company,Tangerang,"Jalan Kisamaun, 204",,,-6.1858448,106.6319384
427989434,PDAM Tirtanadi,company,Medan,,,,3.5816414,98.6855225
959687467,PDAM Tirtanadi Sunggal,company,Medan,,,,3.5685369,98.6117593
299081364,PDAM Tirtawening Kota Bandung,company,Bandung,"Gelap Nyawang, Bandung, Jawa Barat",,,-6.895953,107.6103306
564964971,PLN,company,,,,,-6.2744451,106.7228722
456527315,PLN APT Surabaya,company,Surabaya,,,,-7.225151,112.7249918
527470253,PLN Area Marunda,company,,DKI Jakarta,,,-6.1278178,106.926058
371348499,PLN Area Pengatur Jalur Bali,company,Denpasar,"Jalan Diponegoro, 17, Denpasar",,,-8.6597545,115.2152282
518511291,PLN Babelan,company,Bekasi,,,,-6.1848649,107.0386516
6222915487,PLN Distribusi Jakarta Raya,company,,,,https://www.pln.co.id/,-6.1805194,106.8328284
317396960,PLN Gunung Latimojong,company,Makassar,,,,-5.1324907,119.4188726
476460657,PLN Semarang Selatan,company,Semarang,,,,-7.0502632,110.4193862
398161501,PLN Serpong,company,Tangerang,,,,-6.2906966,106.6643643
453886525,PLN UPMK 2,company,Surabaya,,,,-7.319851,112.7307172
457997541,PLN UPP JBTB 2,company,Surabaya,,,,-7.319347,112.7323953
718995681,PPD,company,,,,,-6.3316015,106.7470385
4419973198,"PRUDENTIAL, PRUventure DP 10",insurance,Denpasar,"Jl. Patih Jelantik, Kabupaten Badung, Bali, Indonesia",,,-8.7114194,115.1797841
5621334621,PSN,company,,"Jalan Cimandiri, 6",,,-6.1943064,106.8407963
10248119752,PT ANK INDONESIA ONE,company,Tangerang,"KP. BUARAN WETAN RT 03 RW 015, Tanah Tinggi, Tangerang, Kota Tangerang, KOTA TANGERANG",,,-6.1760945,106.654196
4041846846,PT ARTENOV,it,Depok,"Tole Iskandar, 33B, Depok",,,-6.4038775,106.8327599
5890453485,PT Adhi Commuter Properti,company,,"Jalan Penganten Ali, 88",,https://www.lrtcity.com/,-6.3244076,106.8842381
607807468,PT Antam Makassar,company,Makassar,,,,-5.1542869,119.4159863
13099999133,PT Araki Solusi Indonesia,company,Tangerang,"Jalan Pondok Jagung Timur, 78, Tangerang Selatan",+62 812 8859 2462,https://www.araki.co.id,-6.2493599,106.6688161
262527547,PT Archipelago Strategic Solution,company,,"Jl. Tebet Barat 4, No.35, Jakarta Selatan",+62 21 83784368,https://archiss.com/,-6.2341072,106.8471499
11566571687,PT Architectz Persada Asri,consulting,,"Jalan Jatinegara Timur I, 1, DKI Jakarta",+62 21 8196123,https://www.architectzandassociates.com/,-6.2176028,106.867393
468408239,PT Ari Melasti Transport,company,Denpasar,"Jalan Imam Bonjol, Denpasar",,,-8.7048419,115.1830425
380087295,PT Arta Boga Cemerlang,company,Denpasar,"Jalan Bypass Gatot Subroto, 7, Denpasar",,https://www.artaboga.com/,-8.6380154,115.2527625
419639220,PT Asia Paramita Indah,company,Denpasar,"Jalan Bypass Gatot Subroto, 229, Denpasar",+62 361 263348,,-8.635823,115.2257589
197305528,PT Askrindo Makassar,company,Makassar,,,,-5.1619501,119.4156105
13887633534,PT Atiga Lana Sejahtera,company,Bekasi,,,,-6.293978,106.9983984
4364990325,PT Atrisco,company,Medan,,,,3.6439049,98.6630568
11966136362,PT Azka Pesona Tirta,company,Bekasi,,,,-6.2526627,107.0021885
374821669,PT Bali Intercont Cargo,company,Denpasar,"Jalan Bypass Ngurah Rai, 225X, Denpasar",,,-8.7149487,115.2219759
7896801718,PT Bali Maspintjinra,company,Makassar,,,,-5.1778827,119.4383067
450526494,PT Bayu Inti Gasindo,company,Denpasar,,,,-8.6220989,115.1884862
2279398067,PT Belinda Makmur Pratama,company,Tangerang,,,,-6.2208723,106.6174222
1548517270,PT Bhakti Idola Tama,company,,"Jalan Bojong Raya, 27, Jakarta Barat",,,-6.1707956,106.7343325
502718046,PT Bitung Inti Cemerlang (produksi Sendal),company,Tangerang,,,,-6.2267151,106.5508381
119906844,PT Blue Bird,company,,,,,-6.2864583,106.8723358
13245278478,PT Borneo Megah Sejahtera,company,Surabaya,"Northwest Boulevard, 01/57, Surabaya",+62 851-7966-1509,www.bmslh.com,-7.2545037,112.6246841
3573985610,PT Bosowa Berlian Motor,company,Makassar,,,,-5.1406255,119.4850934
521196635,PT Bratasena Jaya,company,,"Jalan RS Fatmawati, 56, Jakarta Selatan",+62 21 7658530,https://bj.co.id/,-6.2978768,106.7943579
316937093,PT Canning Indonesia Products office,company,Denpasar,"Jalan Diponegoro, 101, Denpasar",,,-8.6643656,115.2156114
9763334043,PT Carsworld Digital Indonesia,company,Tangerang,"Sunburst CBD LOT II, 3, Tangerang Selatan",+622122356880,https://carsworld.co.id/,-6.2976929,106.6665557
283081613,PT Centronix,advertising_agency,,,,,-6.2013025,106.8552328
5181769122,PT Cinerent Indonesia,company,,"Jln Panjang, 79AB",+62 21 5632 778,https://www.cinerent.net/,-6.185182,106.768735
445160654,PT Cipta Griya Dewata,company,Denpasar,"Jalan Bypass Gatot Subroto, 340X, Denpasar",,,-8.6361868,115.240675
524545341,PT Citatah,company,Denpasar,"Jalan Mahendradatta, 78, Denpasar",,,-8.6709366,115.1916068
490044675,PT Citra Van Titipan Kilat,company,,"Jalan Raden Saleh Raya, 2, Jakarta Pusat",,,-6.189122,106.8457008
4438497744,PT Conductor Jasa,company,Denpasar,"Jalan Bypass Gatot Subroto, Denpasar",,,-8.6393832,115.2040814
5281470522,PT Daya Adicipta Motora,company,Bandung,,,,-6.9066747,107.5671782
4111838797,PT Daya Transformatika,company,Depok,"Jl. Raya Sawangan Pancoran Mas, B12, Depok",+62217721 4273,http://www.transformatika.co.id,-6.395365,106.8021087
314697663,PT Daya Utama Pool,company,Denpasar,"P.B. Sudirman, Denpasar",,,-8.6683087,115.2176198
375048157,PT Dewata Indah,company,Denpasar,"Jalan Hayam Wuruk, 3, Denpasar",,,-8.6564821,115.2232521
26729382,PT Dirgantara Indonesia (Kantor Pusat),company,Bandung,,,https://www.indonesian-aerospace.com/,-6.8982177,107.5822506
374650210,PT Djarum,company,Denpasar,"Jalan Raya Sesetan, 259A, Denpasar",,,-8.7035251,115.2201031
374821671,PT Dwiniaga Pratama Sarana,company,Denpasar,"Jalan Pulau Moyo, 2, Denpasar",,,-8.7081779,115.2170982
208600876,PT Earthline,company,,"Lebak Bulus IV, 9D",,,-6.3001993,106.7914708
9831074432,PT Epson Indonesia,company,,"Jalan T.B. Simatupang, 2, Jakarta Selatan",+62 21 8086 6766,https://www.epson.co.id/,-6.2952035,106.8153228
419639233,PT GIEB Indonesia,company,Denpasar,"Jalan Bypass Gatot Subroto, 66X, Denpasar",,,-8.6351171,115.224944
419639219,PT Gajah Gotra Bali,company,Denpasar,"Jalan Bypass Gatot Subroto, 227, Denpasar",,,-8.6358354,115.2259935
374817275,PT Global Putra Indologistics,company,Denpasar,"Jalan Raya Sesetan, 12A/600, Denpasar",,,-8.7105613,115.2199076
12998728261,PT Global Teknik Pasundan,consulting,,"Jalan Raya Pondok Kelapa, 3b, Jakarta Timur",+6289528116846,https://globalteknikpasundan.com/,-6.243618,106.9346502
4338426691,PT Grand Textile,company,Bandung,"Jalan A.H Nasution, 127, Bandung",+62 22 720 6565,http://www.grandtex.co.id,-6.9040381,107.6695841
375347717,PT Gudang Garam,company,Denpasar,,,,-8.6430925,115.2086192
405594199,PT HM Sampoerna,company,Denpasar,"Jalan Bypass Ngurah Rai, 88, Denpasar",,,-8.7176799,115.2019994
540895306,PT HORISA (produksi jasa pencucian baju dan celana),company,Tangerang,,,,-6.2309097,106.5506677
12317627298,PT Hamengku Karya,company,Denpasar,Jl. Gn. Catur I,,,-8.6355535,115.1910015
447637408,PT Hari Hari Rejeki,company,Denpasar,"Kaliasem, 15, Denpasar",,,-8.654419,115.2190205
445177236,PT Hikada Putra Karunia,company,Denpasar,"Jalan Bypass Gatot Subroto, 318X, Denpasar",,,-8.6357558,115.2344145
373775425,PT ISS Cleaning Service,company,Denpasar,"Jalan Bedugul, 37, Denpasar",,,-8.6968618,115.2267841
11287666640,PT International  Chemical Industry,company,,"Jalan Daan Mogot, KM 11, DKI Jakarta",,,-6.156934,106.7506715
9029519331,PT JASA KONSULTAN KEUANGAN,company,Bekasi,"Jalan Ahmad Yani, A No. 5, Bekasi City, West Java",+62 21 8896 3558,https://jasakonsultankeuangan.co.id/,-6.2440958,106.9917953
636489562,PT Jasa Sarana,company,Bandung,,,,-6.916094,107.632223
5058655067,PT Jutarasa Abadi,company,Semarang,"Jalan Letjen. Suprapto, Semarang",,,-6.968597,110.4267803
489269030,PT KAI Balai Yasa fraksi Manggarai,company,,DKI Jakarta,,,-6.2144405,106.8520658
523527383,PT Kacang Rahayu,company,Denpasar,"Jalan Bypass Gatot Subroto, 472, Denpasar",,,-8.6362611,115.1886329
541290239,PT Kemasindo Molek,company,Tangerang,,,,-6.153099,106.56327
455026579,PT Kharisma Pemasaran Bersama Nusantara (Inacom),company,Surabaya,"Jalan Sikatan, 1, Surabaya",,,-7.2395462,112.7371797
540895308,PT Kreasi/Mr Jo (Produksi Kontruksi Bangunan),company,Tangerang,,,,-6.2290816,106.5491121
502251513,PT MAKA (Makna Karya Angan Andanu),company,,"Jalan MPR Raya, 14, Jakarta Selatan",,maka.id,-6.2802583,106.8030653
416070749,PT Macnels Express Pratama,company,Denpasar,"Jalan Bypass Ngurah Rai, 607, Denpasar",,,-8.7197598,115.1991074
12417826926,PT Magna Perkasa,company,,"Jl Kaji, 18, Jakarta Pusat",+62 21 6325935,https://www.magnaperkasa.com,-6.1669149,106.81511
317196849,PT Mahameru,company,Makassar,,,,-5.1321627,119.4289444
634589010,PT Masterindo Jaya Abadi,company,Bandung,,,,-6.9207336,107.574129
13725585616,PT Maxistar Intermoda Indonesia,company,,,,,-6.1421153,106.8580771
9808127443,PT Meratus Line,company,Surabaya,,,,-7.221685,112.7316489
1063450811,PT Mon Siribee Ekspres,company,Medan,,,,3.6158954,98.6469541
11968362246,PT Multi Areal Planing Indonesia (MAPID),company,Bandung,"Jalan Mekar Raya, 11, Kab Bandung",,https://mapid.co.id/,-6.9739146,107.551177
13354736293,PT Multi Guna Maritim,company,,"Jl. Panjang Arteri Klp. Dua Raya No.17, Jakarta Barat",+62 21 87898608,https://mgmaritim.com/,-6.203833,106.7689982
331362689,PT Musim Mas,company,Medan,"Jalan KL Yos Sudarso Km 7,8, Medan",+62 61 661 5511,https://www.musimmas.com/,3.6471567,98.6612884
363142388,PT Nindya Karya,company,Denpasar,"Jalan Hayam Wuruk, 129A, Denpasar",+62-361 223501,https://www.nindyakarya.co.id/,-8.6574181,115.2394242
450526492,PT Nirwana Lestari,company,Denpasar,,,,-8.6219833,115.1889683
803191490,PT Om Bali Logistics,logistics,Denpasar,,,,-8.6943459,115.1754054
11968461756,PT Otsuka Distribution Indonesia,company,Bekasi,,,,-6.2613009,106.9972589
4999291229,PT PAM Lyonnaise Jaya,company,,Jalan TB Simatupang,,,-6.292953,106.8061262
498689351,PT PLN APP Utara,company,,,,,-6.1215837,106.8925022
155961680,PT PLN Area Ciracas,company,,,,,-6.3262292,106.8761385
234507765,PT PLN Area Makassar Selatan,company,Makassar,,,,-5.1646187,119.4453605
487395300,PT PLN Area Pelayanan Jaringan Cempaka Putih,company,,,,,-6.1812399,106.8748376
507270315,PT PLN Haleyora Power,company,,,,,-6.3229757,106.8836472
636327770,PT PLN Pembakitan Sumatera Bagian Utara,company,Medan,,,,3.5391368,98.6860808
629367984,PT PLN Unit Induk Pembangunan Jaringan Sumatera I,company,Medan,,,,3.5729265,98.6672895
197098820,PT PLN Unit Induk Pembangunan Sulawesi Bagian Selatan,company,Makassar,,,,-5.1653679,119.4473168
289694858,PT PP London Sumatera,company,Medan,Medan,,,3.5885323,98.6780933
13234216277,PT Pacificagung Trijaya,it,Jakarta,"Jl. Raya Gading Kirana, 11/TA10, Jakarta",+622129376429,https://norxel.id,-6.1503504,106.8968028
8441708517,PT Panca Usahatama Paramita,company,Tangerang,,,,-6.2331577,106.6416005
540895309,PT Pancagol,company,Tangerang,,,,-6.2255767,106.5518623
5031503100,PT Pasadena Medical Indonesia,company,Semarang,,,,-7.0143641,110.3787308
211230357,PT Pelabuhan Indonesia,company,,DKI Jakarta,,,-6.1249271,106.8103377
452168387,PT Pelayaran Tempuran Emas,company,Surabaya,,,,-7.2193048,112.7330496
196035605,PT Pelindo Terminal Petikemas Makassar,company,Makassar,,,,-5.1237887,119.4087465
367608323,PT Pembangunan Perumahan,company,Denpasar,"Jalan Hayam Wuruk, 154, Denpasar",,,-8.6680109,115.2423099
392354614,PT Percetakan Gema,company,Denpasar,"Jl. P.B. Sudirman, 4A, Denpasar",,,-8.6741952,115.2175132
560035978,PT Perkebunan Nusantara IX,company,Semarang,"Jalan Mugas Dalam, Semarang",+62 24 8414635,https://apnusantara.ptpnix.co.id/,-6.9893639,110.4167498
450714712,PT Perkebunan Nusantara X,company,Surabaya,"Jalan Jembatan Merah, 3-11, Surabaya",,,-7.2378864,112.7372756
451485165,PT Perkebunan Nusantara XI,company,Surabaya,"Jalan Merak, 1, Surabaya",,,-7.2382243,112.7346939
339091793,PT Pertani Persero,company,Semarang,,,,-6.9926417,110.4158431
13286464578,PT Perumnas Iida Group,company,Bekasi,"Jalan Caringin, 106, Bekasi",,https://perumnas-iidagroup.co.id/,-6.2944351,106.9907845
6618281904,PT Perusahaan Gas Negara,company,,"Jalan K.H. Zainul Arifin, 20, DKI Jakarta",,,-6.1597373,106.8156799
375215737,PT Perusahaan Perdagangan Indonesia,company,Denpasar,"Jalan Hayam Wuruk, 117, Denpasar",,,-8.6567387,115.2360647
10604268161,PT Power Telecom,it,Bandung,Blok C2 No 37,+62 22-2006073,https://www.powertel.co.id/,-6.8815775,107.582436
374649725,PT Prambanan Dwipaka,company,Denpasar,"Jalan Raya Sesetan, 272, Denpasar",,,-8.7064807,115.2198523
3292216666,PT Prima Pesona Sejati,company,Denpasar,"Jalan Hayam Wuruk, 72, Denpasar",,,-8.6573959,115.2305612
156917691,PT Pupuk Indonesia,company,,"Jalan Taman Anggrek, 2, Jakarta Barat",,https://www.pupuk-indonesia.com/,-6.1846877,106.7908855
4351202176,PT Putra Baja Deli,company,Medan,,,,3.6437964,98.662719
448761382,PT Putra Inti Lumayan,company,Denpasar,"Jalan Bypass Gatot Subroto, 345, Denpasar",,,-8.6377551,115.198357
631922847,PT RAPI Medan Amplas,company,Medan,,,,3.5386634,98.7057038
13366164991,PT Reycom Document Solusi,company,Semarang,"Jalan Indraprasta, 79, Semarang",,https://rds.co.id,-6.9789794,110.4054928
253035423,PT Rutra Care Konstruksi,company,Makassar,,,,-5.095242,119.5097276
500830525,PT SWPP (produksi bingkai photo ekspor),company,Tangerang,,,,-6.2297897,106.5515008
398152455,PT Sanatel,telecommunication,Tangerang,,,,-6.2860009,106.6661042
305097288,PT Sangkuriang Internasional,company,Bandung,"Jalan Sampurna, 11, Bandung",,,-6.8915239,107.6014032
520765243,PT Sanur Jaya Utama,company,Denpasar,"Jalan Setiabudi, Kuta",,,-8.7202824,115.182147
342726310,PT Smartfren Telecom Ahmad Yani Semarang,telecommunication,Semarang,,,,-6.9909571,110.4254741
4364990326,PT Socfin Indonesia,company,Medan,,,,3.6187977,98.6717079
12280442798,PT Solusi Untuk Semua,company,,"Jalan Sultan Agung, 07, South Jakarta",+62 21 83780485,https://gadogado.id/,-6.2054955,106.8340495
374819652,PT Sourcing Indonesia,company,Denpasar,401,,,-8.715272,115.2216413
444897487,PT Sugar Group Companies,company,Denpasar,"Jalan Bypass Ngurah Rai, 88XX, Denpasar",,,-8.6476481,115.2546799
540895305,PT TRIAS (produksi Kontruksi Bangunan),company,Tangerang,,,,-6.2304319,106.5507167
7709217808,PT Tani Hub Indonesia (TaniHub HQ),company,,Jalan Doktor Ide Anak Agung Gde Agung,,,-6.2263762,106.8255337
392887673,PT Teknik Umum,company,Denpasar,"Jalan Raya Sesetan, 162, Denpasar",,,-8.6984602,115.2187442
520271761,PT Telkom Jakarta Utara,company,,,,,-6.117654,106.8927291
6222912899,PT Timah,company,,,,,-6.1788928,106.8325929
4351102216,PT Tjipta Rimba Djaja,company,Medan,,,,3.6466589,98.6630084
12237909862,PT Toyo Sensing Indonesia,company,Bandung,"Mekar Raya, 11, Kab Bandung",,https://toyosensing.com,-6.9738606,107.5511024
156925882,PT Trans Nusantara Sejati,company,,,,,-6.156301,106.7568888
9808158547,PT Tresnamuda Sejati,company,Surabaya,,,,-7.2197651,112.7329546
6001907233,PT Trimanunggal Perkasindo,company,,"Jalan Rawa Terate, 66, DKI Jakarta",+62 21 29368722,https://tpturbo.com,-6.1859453,106.9284659
9824052519,PT Ultra Prima Abadi,company,Surabaya,,,,-7.3081043,112.7665466
485813821,PT United Dico Citas,company,,"Jalan Johar, 5, DKI Jakarta",,https://udc.co.id/,-6.1876412,106.8320211
549921050,PT United Equipment Indonesia,company,Medan,,,,3.5377426,98.7046976
4351102217,PT Universal Indofood Product,company,Medan,,,,3.6444438,98.6626168
447616035,PT Vithapharm Surabaya,company,Surabaya,,,,-7.3078127,112.7645289
6773792324,PT Warungjasa Teknologi,it,Jakarta,"Jalan Masjid Al Wustho, East Jakarta",,https://www.warungjasa.com,-6.2453147,106.9082332
363343430,PT Waskita Karya,company,Denpasar,"Jalan Hayam Wuruk, 191, Denpasar",,https://www.waskita.co.id/,-8.6622178,115.2404939
374684288,PT Widha,company,Semarang,"Jalan Prof. Soedarto, SH, 58, Semarang",+62247464680,http://www.widha.co.id,-7.0508379,110.4237236
668462514,PT Wira Kusuma,company,Makassar,"Jl. Dg.Matoa No 37, Makassar",,,-5.0947821,119.5099369
10289191832,PT. ASIA MEGATAMA SEJAHTERA,company,Tangerang,"Jalan Springs Boulevard, 82, TANGERANG REGENCY",,https://asiamegatama.id/,-6.2733483,106.6408448
5804104553,PT. Adicipta Inovasi Teknologi,company,,"Jalan Kebon Jeruk Raya, 80",+62 21 5367 3030,http://www.adins.id/,-6.1982742,106.7674678
10254079809,PT. Alpha Altitude Paper,company,Semarang,"Jalan Terboyo Industri Barat, 528",,,-6.9390789,110.4647077
154078988,PT. Angkasa Pura I (Persero),company,,,,,-6.1545069,106.8422313
10588068332,PT. Applimetis Parama Solusi,company,Bekasi,"Jl. Rose Garden I, Bekasi",,https://applimetis.id,-6.2687734,106.9747825
5547946021,PT. Arkadaya Hakato Persada,company,,Jl. Raya Hankam,,,-6.3104306,106.9000868
275927913,PT. Astra Graphia,company,Makassar,,,,-5.1518345,119.4157412
530164015,PT. Asuransi Jasa Tania,insurance,Bandung,,,,-6.9020985,107.6045518
7722599623,PT. Asuransi Takaful Umum,insurance,Jakarta,,,,-6.2421179,106.8417849
14084991673,PT. BANDUNG NEW ENERGY INDONESIA,company,,"Jl. Kh Hasyim Ashari, 1 blok D2, Kota Jakarta Pusat",,,-6.1679128,106.8038357
5215638922,PT. BERCA MANDIRI PERKASA,company,Semarang,"Karang Anyar, 10",+62243581371,https://www.berca-mp.co.id/,-6.9812858,110.4249276
4267841191,PT. BERLIAN CEMARA MOTOR,company,Medan,,,,3.6359981,98.6973008
10682522312,PT. BISMA DHARMA KENCANA,company,,"Jalan Sultan Hasanudin, 47-48, South Jakarta",,,-6.2415108,106.8020548
5225798623,PT. BSP,company,Medan,,,,3.5772083,98.6838317
451533239,PT. Bakti Mandiri Perkasa,company,Surabaya,"Jalan Ketintang Madya I, No.16, Ketintang, Gayungan, Surabaya, East Java",+62318296878,https://www.pt-bmp.com/,-7.3127817,112.7235125
5110936024,PT. Bangun Selaras (BASE),company,,,,,-6.3042275,106.7299587
195973356,PT. Bhanda Ghara Reksa,company,Makassar,"jln hertasning, 7",,,-5.1619177,119.4399221
5311406221,PT. Boveri Indonesia,company,,27,,,-6.1464457,106.8955469
1264587815,PT. Bright Mobile Telecommunication,company,Tangerang,"Jl. Kawasan Industri (Bayur), Tangerang",,,-6.1518186,106.6064679
1126817540,PT. Cahaya Bumi Amanah,company,Bandung,"Kinagara Regency, Blok D - No. 18, Gerbang Kinagara Regency",,https://cba-digitechno.com/,-6.9775978,107.6551612
196963834,PT. Catur Putra Harmonis,company,Makassar,,,,-5.1514951,119.4378904
13454782220,PT. Chang Jui Fang Indonesia,company,,"Jalan Jembatan Tiga Raya, Jakarta Utara",+62 21 6685700,https://cjfi.co.id/,-6.1332653,106.7921881
82486762,PT. Cipta Mapan Logistik,company,Makassar,"Jl. Ir. Sutami, 19, Makassar",,,-5.101706,119.4580308
8226613414,PT. Control Systems Arena Para Nusa,company,,"Jalan Ampera Raya, 9-10, DKI Jakarta",+62217807881,https://ptcs.co.id/,-6.2912763,106.8191898
5495452021,PT. Cordlife Persada,company,,Jalan Swadaya I,,,-6.2129754,106.8462405
2887123567,PT. Daya Amani Solusimatika,it,Bandung,"Soekarno Hatta, H29, Bandung",,,-6.9434595,107.6596189
5490004822,PT. Deira Sygisindo,company,,"Jalan Pahlawan, 10E",,,-6.2965157,106.7598315
5589552522,PT. Dharma Satya Nusantara,company,,Jalan Rawa Gelam V,,https://www.dsn.co.id/,-6.2038931,106.9136416
4258086010,PT. Dirgaputra Ekapratama,company,Surabaya,"Jl. Raya Banjarsugihan, Surabaya",,,-7.2545612,112.662219
4258088042,PT. Dua Kelinci,company,Surabaya,"Jl. Margomulyo, Surabaya",,,-7.2445232,112.6793157
488166776,PT. Duraquipt Cemerlang,company,,,,,-6.3628907,106.776545
569907148,PT. Erela,company,Semarang,"Jalan Murbei, 2, Semarang",+62-24-7477557,https://erela.co.id/,-7.0578724,110.4154824
13743113043,PT. FARASSINDO PERKASA,company,,"Jalan Anggrek, 4, Jakarta Barat",,,-6.1981479,106.7559886
5203556321,PT. Girder Indonesia,company,,"Jalan Yos Sudarso, Kav. 28",,,-6.1578457,106.8826394
5199326222,PT. Hilti Nusantara - Indonesia,company,,"Jalan Cilandak KKO, 3-11B",,,-6.2952313,106.8143577
402036067,PT. Honda Prospect Motor,company,,"Jl. Gaya Motor 1, VV6P+WX2, Jakarta Utara",+62 21 6512085,,-6.1382531,106.88788
6235447285,PT. Indo Mitra Teknik,company,Medan,,,,3.6192808,98.6549773
1088259813,PT. Indo Rizki Pratama,company,,"Jalan Wdaya Kusuma, B.10 No.12a, Bekasi",+62 812 9804 6693,https://www.3dmediaadv.com,-6.29117,106.9495008
9677518665,PT. Insatek Maju Bersama - Rep. Jakarta,research,Jakarta,"Jalan Haji Sa'aba, F17D, West Jakarta",+62 853 2222,https://insatek.id,-6.2150287,106.7252225
462007734,PT. JIAEC,company,Depok,"Kavling Adhikarya, 20, Depok",,,-6.3775003,106.8470901
5795579854,PT. Jasamarga Jalanlayang Cikampek,company,Bekasi,"Teuku Umar, 14",,,-6.2583276,106.9977711
441235276,PT. KOMPAK MANTAP INDONESIA,company,,"Cipinang Indah 1, 1",,,-6.2384616,106.8885858
7716363403,PT. Karya Mentari Seraya,company,,Jalan Jenderal Gatot Subroto,,,-6.2016295,106.8008489
970764126,PT. Kawasan Industri Medan (Persero),company,Medan,,,https://www.kim.co.id/,3.6720893,98.6819896
6252776089,"PT. Kimia Farma, Tbk.",company,,"Jalan Veteran, 9, DKI Jakarta",,https://www.kimiafarma.co.id,-6.1681522,106.8268186
12405022055,PT. Kita Bagus Sejahtera,company,Tangerang,"Jalan Arcadia Daan Mogot, Blok H 5 No. 23, Batuceper",+62 21 2900 7415;+62 21 2900 7416,https://kitabagus.co.id,-6.1579058,106.6659516
6424566288,PT. Lautan Otsuka Chemical,company,,"Jalan Aipda K.S. Tubun, 77",,,-6.1999142,106.8000713
6910374813,PT. Marga Mandalasakti,company,Tangerang,,,,-6.224097,106.619305
13536160434,PT. Mega Jaya Metajaya,company,Medan,"Jalan Williem Iskandar Pasar V Barat, Medan",+62 6180083633,,3.6054344,98.7134752
5547235321,PT. Mitra Teknik Elektrindo,company,,Jalan Hayam Wuruk,,,-6.1439118,106.8171141
6232140685,PT. Nafasindo,company,Medan,,,,3.5624655,98.639112
10682498395,PT. Nagata Bisma Shakti,company,,"Jalan Cilandak KKO, 1, Cilandak Timur, South Jakarta",,,-6.2932354,106.8158118
340199505,PT. Nusantara Global Inovasi,it,Semarang,"Jalan Teuku Umar, 58A, Semarang",+622440300900,https://nginovasi.com/,-7.0327808,110.4181927
453651262,PT. PLN Nusantara Power,company,Surabaya,"Ketintang Baru, 11, Ketintang, Gayungan, Kota SBY, Jawa Timur, Indonesia",+62 31 8548391,https://www.plnnusantarapower.co.id/,-7.3186814,112.727052
195309423,PT. Padi Mas Prima,company,Makassar,"Jalan Yos Sudarso, 217B, Makassar",,,-5.118101,119.4170115
154078990,PT. Pelni,company,,"Jalan Angkasa Raya, 18, Jakarta Pusat",,,-6.1577895,106.8435725
196052652,PT. Perikanan Nusantara,company,Makassar,"Jl. Sabutung Baru, 1, makassar",,,-5.1100976,119.4290054
195973311,PT. Permodalan Nasional Madani,company,Makassar,"Jln. Hertasning, F30",,,-5.1617832,119.4390078
12852267511,PT. PiEE Internasional,company,,"Jalan Griya Utama, 9-10, Sunter, North Jakarta",+62 21 2956 9471,https://piee.co.id,-6.1420611,106.8547634
11951606514,PT. Pratama Motivasi Mandiri,it,Bekasi,"Jalan Bulevar Selatan, Kota Bekasi",,www.iproguard.com,-6.2287953,107.0020094
1031898117,PT. Pridential Life,insurance,Medan,,,,3.5969725,98.6693111
12353231828,PT. RUMAH LOGIC TEKNOLOGI,it,Jakarta,Tangerang Selatan,,https://rumahlogic.com,-6.3132747,106.7112085
5226088121,PT. Raja Marga,company,Medan,,,,3.5819084,98.6276727
529402791,PT. Sarana Multigriya Finansial (Persero),financial,Jakarta,Jalan Panglima Polim I,,,-6.2474374,106.7981798
5589552721,PT. Tanjung Kreasi Parquet Industri,company,,Jalan Rawa Gelam V,,http://www.tekaparquet.com,-6.2039658,106.9137467
497132086,PT. Telkom,telecommunication,Jakarta,DKI Jakarta,,,-6.1632925,106.8150037
6634884024,PT. Tokopedia,company,,"Jalan Profesor Dokter Satrio, Kav 11, DKI Jakarta",+62 21 8064 7333,https://tokopedia.com/,-6.2212174,106.8193535
257583871,PT. Transporindo Agung Sejahtera,company,Makassar,"Jl. Ir. Sutami, 62, Makassar",,,-5.0935747,119.4668858
197198721,PT. Tressmuda Sejati,company,Makassar,,,,-5.1229423,119.4131481
154830302,PT. Ujung Lima,company,,,,,-6.1197074,106.8939692
197882852,PT. United Tractors,company,Makassar,,,,-5.1405199,119.4480494
197017341,PT. Viardi Bintang Terang,company,Makassar,"Jalan Kapasa Raya, 33, Makassar",,,-5.0956254,119.491629
478699865,PT. Wika Jaya Pratama,company,Tangerang,,,,-6.2748083,106.6595815
9150477583,PT.Nisson Indonesia,company,Tangerang,,,,-6.1518491,106.6383245
9442280672,PWK J1 no 7,company,Surabaya,"Jalan Citra Lakasantri 4, 7, Surabaya",,,-7.2899879,112.6527638
6954192987,PZ Cussons,company,,,,,-6.2244775,106.8253861
372807793,Pacific Express,company,Denpasar,"Hang Tuah, Denpasar",,https://pacific-bali.com/,-8.6739457,115.2450397
6894277886,Pacific Life Insurance,insurance,Jakarta,,,,-6.2335932,106.821637
6894760885,Pacific Oil and Gas,company,,,,,-6.1981504,106.82265
5539444821,Padasa Plantation Group,company,Medan,Jalan Monginsidi,,,3.5715293,98.6653592
6210534089,Palyja Hubungan Pelanggan,company,,,,,-6.1780477,106.7848675
6213072686,Palyja Hubungan Pelanggan (KHP) Jati Baru,company,,,,,-6.1814337,106.8122767
6213079585,Palyja Pelayanan Pelanggan (UPP) Pusat,company,,,,,-6.1816622,106.8122222
12060593318,Pangkalan Gas Tk Rivaldi,company,Bekasi,,,,-6.2950093,106.9980241
122159891,Panin Life,insurance,Jakarta,"Jalan Letjen S. Parman, DKI Jakarta",,,-6.1838309,106.7976927
6894760785,Paper One,company,,,,,-6.198523,106.8226836
564979838,Paradise Property Group,company,Denpasar,,,,-8.6897807,115.1728308
4629420041,Parama Textile,company,Denpasar,"Jalan Imam Bonjol, 589, Denpasar",,,-8.7032063,115.1849488
769895926,Parker Hannifin,company,Tangerang,,,,-6.2973252,106.6646257
6951190086,Pasifik Satelit Nusantara,company,,,,,-6.232393,106.8287586
12119757633,Paxel courier service | Setiabudi,logistics,Jakarta,,,,-6.206639,106.8247129
376922347,Pegadaian,financial,Surabaya,,,,-7.3034667,112.737121
6250017491,Pegadaian Kantor Wilayah VIII,company,,,,,-6.1763697,106.8397524
6250017490,Pegadaian Kanwil IX Jakarta 2,company,,,,,-6.1764593,106.8395313
11651185808,Pegadaian UPC Sukawati,company,Denpasar,"Jalan Raya Celuk, 53, Sukawati",+62 21 80635162,https://www.pegadaian.co.id,-8.600585,115.2660303
12715089722,Pelindo,company,,,,,-6.1215938,106.8940337
6222915492,Pelita Air Service,company,,,,,-6.17654,106.8196936
1193278311,Pensiun Pertamina,company,,,,,-6.1820631,106.8336284
7111719461,Percetakan IQRA,advertising_agency,Makassar,Jalan Perintis Kemerdekaan,,,-5.1411954,119.4878675
5117194922,Perintex,company,Bandung,Jalan A.H Nasution,,,-6.9046537,107.6679116
6400698094,Permata Marindo Jaya,company,,,,,-6.1036494,106.8008142
461838737,Perpetual Gifts,company,,,+62 878 8691 8282,http://www.perpetualgifts.com/,-6.1405092,106.8808955
316162722,Pertamina,company,Denpasar,"Sugianyar, 10, Denpasar",,,-8.6583955,115.2170672
6239456596,Pertamina Training and Consulting,company,,"Jalan Mohammad Husni Thamrin, Menteng, Central Jakarta",,,-6.1913407,106.8233163
6230792594,Pertani Kantor Pusat,company,,,,,-6.2574537,106.8427613
1217791193,Perum Jasa Tirta II,company,Bekasi,,,,-6.2577284,107.0108421
9819722670,Perum Perhutani Jawa Barat & Banten,company,Bandung,,,,-6.9370339,107.7010576
186431830,Perum Perumnas Makassar,company,Makassar,,,,-5.1623195,119.4387621
3573891046,Perusahaan Bus Bintang Timur,company,Makassar,,,,-5.1414269,119.4786641
328128622,Perusahaan Listrik Negara,company,Denpasar,"Letda Tantular, 1, Denpasar",,,-8.669183,115.2224528
6400801193,Perusahaan Umum Perikanan Indonesia,company,,,,,-6.1009795,106.8002796
6222915388,Petrokimia Gresik,company,,,,,-6.1767065,106.8172055
10957553410,Pevent Group,advertising_agency,,"Jalan Lebak Bulus I, 59, DKI Jakarta",,,-6.2969039,106.7878723
6894227786,Phapros,company,,,,,-6.2321752,106.8303071
342882319,Pharpos,company,Semarang,"Jalan Letjen. Suprapto, Semarang",,,-6.9688363,110.4255629
6236229985,Pioneer Head Office,company,,"Jalan Cideng Barat, 31AA",+62216321946,,-6.1664945,106.8103448
1198173604,Pira Consultant,consulting,Bandung,"Jalan Magna Barat, 10",,,-6.9573197,107.6885986
7755175406,Pluto Publishing,company,,"Jalan Tebet Barat Dalam IV E, 32, Jakarta Selatan",,https://bestgardenoutdoor.com,-6.2384758,106.8456984
6213079591,Pola Group,company,,,,,-6.2013472,106.8073505
5466218025,Politron,company,Surabaya,,,,-7.3340288,112.75946
14061116202,Polytron,company,,,,,-6.206576,106.8216624
2497173726,Pos Indonesia,company,Bandung,,,,-6.9064034,107.6172209
328762890,Pos Indonesia Kantor Regional Denpasar,company,Denpasar,,,,-8.667407,115.2279625
1198173616,Pratama,financial,Bandung,"Jalan Magna Barat, 52",,,-6.9579247,107.6885401
5606642622,Pring Jaya Printing,company,,Jalan Kali Baru Timur Dalam,,,-6.1741538,106.8476813
11399336504,Pro-Int Dinamika,company,,"Jalan Puri Indah, Kembangan Selatan",,https://pro-int.co.id,-6.1885171,106.7385968
2641739877,ProTV (PT Global Telekomunikasi Terpadu),company,Semarang,"Jalan Doktor Setiabudi, Semarang",+6224 7462429,,-7.0515516,110.4173138
13726579301,Prolink,company,,,,,-6.1776034,106.8121043
3669844909,Prudential,insurance,Denpasar,"Raya Puputan, Denpasar",,,-8.673591,115.2387141
5082852534,Pt balina agung perkasa,company,,Agung Timur 12,,,-6.140504,106.8836861
381645552,Pt. Inditama,it,Bandung,"setra murni atas 2, Kota Bandung",,,-6.8746023,107.5799065
4258113042,Pt. Kingfurn International,company,Surabaya,"Jl. Mayjend Sungkono, 3, Gresik",,,-7.1899341,112.6350604
492726539,Pupuk Kaltim,company,Denpasar,"Jalan Bypass Ngurah Rai, 242, Denpasar",,,-8.6808318,115.2588375
12715030393,Pusat Bahasa dan Multibudaya,research,Surabaya,,,,-7.2713812,112.7597652
12927598785,Pusat Gadai Indonesia - Hankam,company,,,,,-6.2963814,106.921299
119451616,Pusat Penelitian dan Pengembangan Sumber Daya Air Pusair,research,Bandung,"Jl. Ir. H. Juanda No.193, Dago, Kecamatan Coblong, Kota Bandung, Jawa Barat 40135, Bandung",,,-6.8827042,107.6142956
496262937,Pusat Sistem Informasi,it,Medan,,,,3.562509,98.6595842
375021051,Pusat Vulkanologi dan Mitigasi Bencana Geologi,research,Bandung,"Jalan Diponogoro, 57, Bandung",,,-6.8998206,107.6207007
6953819185,Putranto,company,,,,,-6.226133,106.831556
13569141638,Qlausa,company,Bekasi,,,,-6.2737107,106.9755079
2726530206,R2plan,company,Tangerang,"Regensi Melati Mas, Blok G3 (No.2), Serpong - Banten",+62 85885887889,https://r2plan.com/,-6.2649403,106.6714605
6880068985,RNI Group,company,,,,,-6.2321797,106.83008
5449534822,Rakyatku.com,company,Makassar,"Jl. Pelita II, 2B",+62 41-1427847,https://rakyatku.com/,-5.1537687,119.4335083
13736829802,Ralika Group,company,,,,,-6.1762981,106.8118279
483581803,Rapi Films,company,,"Jalan Cikini II, 7, Jakarta Pusat",,,-6.1912911,106.8368248
5961528196,Rapij Jaya Tailor,company,Bandung,"Jalan BKR, 99",,,-6.9380087,107.6140907
10266530869,Reinaya Angkasa Sukses,company,Tangerang,"Grand Duta Cluster Emerald, Blok E1/12, Tangerang",+62 89 84610 305,,-6.1732041,106.5866004
478700056,Reksa Finance,financial,Tangerang,,+62 21 57940662,https://www.reksafinance.co.id/,-6.275308,106.6598662
478829701,Reliance,insurance,Tangerang,,,,-6.2807195,106.6623155
6948455797,RichLand Logistics,company,,,,,-6.2252816,106.8283468
12382148315,Rono Percetakan,company,,Duri 1 No.9 Blok B4,+628561010005,,-6.1625741,106.8059215
299082004,S2DLS Center,company,Bandung,,,,-6.8974238,107.6117268
1198173585,SAP,company,Bandung,196,,,-6.9570956,107.6948936
6255753494,SAP Sentratek Adi Prestasi,company,,,,,-6.1455176,106.8347603
8483333038,SB301 OFFICE,company,Surabaya,"Jalan Untung Suropati, 79",+62 822-1915-4373,https://www.sb301.net/,-7.2847802,112.7362545
718995675,SBU Transbusway,company,,,,,-6.3311558,106.7474578
6898407088,SCG,company,,,,,-6.2269348,106.8263702
288699505,SENTRAL TELEPON OTOMAT SUKA RAMSI,telecommunication,Medan,,,,3.5681258,98.7015266
4842823255,SKALA architecture+interior works,company,Bandung,"Jalan Cihampelas, 165, Bandung",,,-6.8913486,107.6040742
381615286,SND Racing,company,Bandung,"Jalan Gunung Satria, 2A, Cimahi",,,-6.8878562,107.5648146
6951189588,SOS Medika,company,,"Jalan Doktor Ide Anak Agung Gde Agung, blok 6.2",+622157948600,http://sosmedika.id,-6.2303497,106.8259347
10708188889,Sahabat Laut Lestari,it,Denpasar,"Jalan Ceningan Sari, 12J, Denpasar",+6281138205400,https://sahabatlautlestari.com,-8.6990686,115.2211031
9682104078,Sahid Sudirman Center,company,,,,,-6.21087,106.8186038
611230752,Saku Sultan Basecamp,company,Makassar,,,https://sakusultan.com,-5.1779225,119.4409227
6948577291,Sandpiper,company,,,,,-6.2425715,106.7959778
1049799429,Sansure,company,,,,,-6.1758152,106.7899335
564985129,Sejati International Logistic Seminyak,logistics,Denpasar,,,,-8.6948721,115.1764046
9921852414,Sekretariat DPP HIMKI,company,,,,,-6.2751131,106.8162078
13344062059,Seluas Tanah Merah,company,Bandung,,,,-6.8899673,107.6285949
424226986,Selular Global Net,telecommunication,Denpasar,"Jalan Mahendradatta, 8XX, Denpasar",,,-8.6797373,115.1895529
3870398984,Semarang Resilience Office,company,Semarang,Jalan Pemuda,,www.100rcsemarang.org,-6.9819914,110.4124335
10097816854,Semidang Group,company,,,,https://semidang.com,-6.1790362,106.8747117
4245827457,Sentral Senayan 3,company,,"Jalan Asia Afrika, 8, Central Jakarta",,,-6.2274661,106.7990056
960708142,Sentral Yamaha Medan,company,Medan,,,,3.598003,98.6694109
6948433089,Sequis,company,,,,,-6.227806,106.8250785
3406563960,Sequis Life,insurance,Denpasar,,,,-8.6666389,115.2259275
372807805,Sequislife,insurance,Denpasar,"Raya Puputan, Denpasar",,,-8.6730602,115.2430044
6190337092,Setia Sapta,company,,,,,-6.1479288,106.8159836
524440707,Sharp,company,Denpasar,"Jalan Bypass Gatot Subroto, 168X, Denpasar",,,-8.6367582,115.1775239
6636133785,Shipping Office lt.21,company,,"Jalan Patra Kuningan Raya, 1-2",,,-6.2328643,106.8311873
1237760221,Silkar National,company,,,,,-6.1981274,106.7071485
13811676880,Sinar Jaya Pasteur,company,Bandung,,,,-6.896631,107.5906901
13781587216,Sinar Jaya Ruco Surapati,company,Bandung,,+62 811 1917 5248,,-6.899745,107.6530399
6285098588,Sinarmas,insurance,Jakarta,,,,-6.1394752,106.7936381
124051793,Smart GPS Bandung,company,Bandung,"Jalan Tubagus Ismail XII, 8, Bandung",+62 811 6687272; +62 811 6697272,https://smartgps.co.id,-6.8837407,107.6204645
5440509136,Smart GPS Depok,it,Depok,"Jalan Raya Margonda, Depok",,,-6.3864486,106.8284039
5440509135,Smart GPS Jakarta,it,Jakarta,"Jl. Krendang Pulo III, DKI Jakarta",,,-6.1523155,106.807372
185937171,Smartfren,telecommunication,Bandung,,,,-6.9435904,107.64931
970764132,Smartfren Office,telecommunication,Medan,,,,3.6719446,98.6830799
4246009411,Smesco Indonesia,company,,"Jalan Jenderal Gatot Subroto, 94, South Jakarta",,,-6.2417867,106.8362374
6222912888,Softex Indonesia,company,,,,,-6.1833132,106.8196108
523618870,Solar Surya Indotama,company,,"Jalan Green Ville Raya, A1, Jakarta Barat",+62215656013,https://solarsuryaindotama.co.id,-6.1723704,106.7772612
10196304517,SolarTuff - Solar Water Heater,company,Medan,"Jalan Bilal, No.2-G",+62 81 162830,https://www.solartuff.co.id/,3.6233671,98.6730201
6249961900,Solingen,company,,,,,-6.1955015,106.8365678
7708992438,Solusi 24/7,it,Jakarta,,,,-6.2223759,106.8226953
6219673786,Soraya Intercine Film,company,,,,,-6.1849756,106.8332796
6265192485,SriTex,company,,,,,-6.1873439,106.8199092
425870944,Srisri Textiles,company,Denpasar,"Ciung Wanara 2, 8, Denpasar",,,-8.6747061,115.2343322
1198173641,Star Webbing Indonesia,company,Bandung,"Bulevar Magna, 10",,,-6.9573587,107.6890425
8417996318,Stasiun Transmisi TV Indosiar Semarang,telecommunication,Semarang,"Jalan Bukit Puncak, 1",,https://www.indosiar.com/,-7.04491,110.4263528
6948708385,StoreSend Indonesia,company,,,,,-6.2253129,106.8280442
5884677085,Studio Paramuda Radio Bandung 93.7 FM (RAMA Group),company,Bandung,"Jalan Muara Selatan, 37",+62 22 5226 644,http://www.paramudaradio.com,-6.9427019,107.6007259
5883215585,Studio Radio Rama 104.7 FM Bandung,company,Bandung,"Jalan Muara Selatan, 37",+62 22 5211642,https://www.ramafm.com/,-6.9426107,107.6007744
8907394181,Studio Ubud,company,,"Jalan Arjuna Utara, Jakarta",,http://studioubud.com,-6.1865201,106.7779376
226508124,Sucofindo,company,Semarang,"Jalan Pemuda, Semarang",,,-6.9826205,110.4105202
6210540790,Sumber Setia Abadi,company,,,,,-6.1778803,106.7983944
11538797817,Summarecon Bandung Marketing Gallery,company,Bandung,Bandung,,,-6.9547591,107.6981378
5103571095,Sun Life Financial,insurance,Denpasar,"Jalan Bypass Gatot Subroto, Denpasar",,,-8.6364973,115.1839325
445056723,Sun Life Syariah,financial,Denpasar,"Jl. Suli, Denpasar",,,-8.638803,115.2251132
6953876185,Sunday Insurance Indonesia,company,,,,,-6.2299311,106.8207398
9963600089,Sunrise Bali Property,company,Denpasar,,,,-8.6908741,115.1727648
834708076,Super Spring GPS Pelacak Kendaraan,company,Makassar,"Jalan Toddopuli Raya Timur, 7A, Makassar",,,-5.1616192,119.4589811
3060427953,Super Spring Pusat,company,,,,,-6.1338659,106.832237
481723465,Supreme Cable Company,company,,"Jalan Kebon Sirih, 71, DKI Jakarta",,,-6.1835847,106.8262612
5006118423,Suraco Building,company,Makassar,"Jalan Andi Pangeran Pettarani, 20",+62 41-1432333,,-5.14514,119.4386107
5116972923,Surganya Motor indonesia,company,Depok,,,,-6.4072401,106.8516156
6910823986,Surya Esa Perkasa,company,,,,,-6.2236481,106.822505
445056713,Suzuki Finance,financial,Denpasar,"Jl. Suli, 25, Denpasar",,,-8.6469625,115.2228844
9800883425,Suzuki Trans Sumatera Agung Medan,company,Medan,,,,3.6035088,98.6689719
4242319814,TCC Batavia,company,,"Jl K.H. Mas Mansyur, Central Jakarta",,,-6.2103752,106.8156419
894405186,TELKOM MSC,telecommunication,Makassar,Jalan A. Pettarani,,,-5.1711129,119.4333054
559976936,TELKOM Semarang,telecommunication,Semarang,Semarang,,,-7.0192785,110.419688
482956632,TENDON INDONESIA,company,,"Jalan Penataran, 1, Central Jakarta",,,-6.2017337,106.8440745
565276758,TLS Express & Logistics,logistics,Denpasar,,,,-8.7007395,115.1776524
9813819548,TPI Grab'S Prefered Partner,company,Surabaya,,,,-7.2829054,112.776771
374691118,TTC Renon,telecommunication,Denpasar,"Jalan Merdeka, 21, Denpasar",,,-8.6654825,115.2382276
502265616,TUKU Head Office,company,,"Jalan Gaharu III, 10, Jakarta Selatan",,https://tuku.coffee/,-6.2814143,106.8015223
9795529117,TUNAS,company,Bandung,"Jalan BKR, 9A",,,-6.9376946,107.6216665
567319576,TVRI Stasiun Transmisi Gombel,telecommunication,Semarang,,,,-7.041607,110.4233996
1198173657,Taka Geodrill,company,Bandung,15,,,-6.957097,107.6891066
7155243108,Takaful Umum,insurance,Jakarta,"Jalan Persada Raya, 70C-D, South Jakarta",+62 21 2854 3111,https://www.takafulumum.co.id/,-6.2288877,106.8466591
6894760985,Tanto,company,,,,,-6.1984394,106.8226548
451306436,Tanto Intim Line,company,Surabaya,,,,-7.2382615,112.7306799
10266515763,Tata Niaga Intercontinent,company,Tangerang,"Grand Duta Cluster Emerald, Blok E1/12, Tangerang",+62 89 56050 43265,https://tni.biz.id,-6.1731959,106.5865911
309751013,Taxiku,company,,,,,-6.3666709,106.7752123
6951184889,Teka,company,,,,,-6.2325587,106.8294747
12032141617,Telkom Bekasi,company,Bekasi,,,,-6.2380033,106.9941572
341885718,Telkom Divisi Access Regional IV,telecommunication,Semarang,,,,-7.0140032,110.4359167
1027007754,Telkom Gaharu,telecommunication,Medan,"Jalan Gaharu, 1, Medan",,,3.5974774,98.6776435
565277849,Telkom Gombel,telecommunication,Semarang,,,,-7.0453282,110.4267096
122152135,Telkom Indonesia,company,,DKI Jakarta,,,-6.2193594,106.8165225
6154722189,Telkom Indonesia STO & OPMC Pasar Baru,company,Tangerang,,,,-6.1690122,106.6264282
311366982,Telkom Kandatel Bali,telecommunication,Denpasar,"Jalan Teuku Umar, Denpasar",,,-8.6690656,115.2142484
381655155,Telkom Lembong Bandung Office,company,Bandung,,,,-6.9167306,107.6112021
120326895,Telkom Pasar Rebo,company,,,,,-6.3024416,106.8684469
634635402,Telkom Rajawali,telecommunication,Bandung,,,,-6.9127089,107.5755824
229033908,Telkom STO Gambir,telecommunication,Jakarta,"Jalan Medan Merdeka Selatan, 12, DKI Jakarta",,,-6.1813106,106.8262697
642178087,Telkom STO Sepanjang,telecommunication,Surabaya,,,,-7.3495453,112.6941641
341681113,Telkom Simpang Lima Semarang,company,Semarang,,,,-6.9914277,110.4218943
373180022,Telkomsel,telecommunication,Denpasar,"Jalan Gunung Agung, 30-34, Denpasar",,,-8.6531912,115.206261
13999997002,Telkomsel Akses,telecommunication,Jakarta,,,,-6.2051886,106.7964743
236241828,Telkomsel Regional Bali Nusra,telecommunication,Denpasar,"Raya Puputan, 33, Denpasar",,,-8.6723011,115.2285898
6894784685,Thai Airways,company,,,,,-6.1940057,106.8236546
6898407286,The British Institute,company,,,,,-6.2262851,106.8256245
4458547911,The City Tower,company,,,,,-6.1991467,106.823518
13999749402,The Jakarta Post,company,,,,,-6.2080395,106.7937244
2701154177,ThinkrCreative,company,,"Jakarta Pusat, Jakarta",+628787553090,http://thinkrcreative.com/,-6.1848967,106.8374622
7709217807,Tian Tian Rice Yogurt,company,,Jalan Doktor Ide Anak Agung Gde Agung,,,-6.2263265,106.8255096
317140243,Tianshi,company,Denpasar,"Jalan Teuku Umar, 43, Denpasar",,,-8.6705232,115.2101182
13252215501,Tiara Building,company,,"Jalan Cideng Timur, 63",,,-6.1742818,106.8120536
6801061213,Tiara Bunda,company,Bandung,,,,-6.9579089,107.6263878
12839281435,Tiara Mesin Jahit - Garment,company,Bekasi,,,,-6.2816085,107.002722
6953875985,TimeCare,company,,,,,-6.2298426,106.8206816
565187932,Tjencada Corporate,company,Denpasar,,,,-8.6981642,115.1777122
6269609387,Tjokro Bersaudara,company,Tangerang,,,,-6.1880247,106.6067063
6183132693,Tjokro Group,company,,,,,-6.1676386,106.811036
379896106,Tohpati Poultry,company,Denpasar,"Jalan WR Supratman, Denpasar",,,-8.6407294,115.2518951
424226996,Tokio Marine Life Insurance,insurance,Denpasar,"Jalan Mahendradatta, 16C, Denpasar",,,-8.6792522,115.1904161
13569670966,Toko Balon,company,,Semarang,,https://www.tukangbalon.com/,-6.1959243,106.6997184
12585903978,TomTom,company,,"Jalan Mohammad Husni Thamrin, Kav. 28-30, Central Jakarta",+62 21 29922823,https://www.tomtom.com/,-6.1926093,106.8217648
381202770,Toyota Astra Motor,company,,,,,-6.1414815,106.8901077
6219025287,Toyota Auto 2000,company,,,,,-6.1980367,106.8530333
4438497612,Toyota Auto Finance,financial,Denpasar,"Jalan Bypass Gatot Subroto, Denpasar",,,-8.6389218,115.2043259
516261361,Trakindo,company,Denpasar,"Jalan Bypass Ngurah Rai, Denpasar",,,-8.6732693,115.2593988
1367434755,Trans Bumi Serbaraja,company,Tangerang,,,,-6.3066289,106.6424488
508610255,Trans Marga Jateng,company,Semarang,Semarang,,,-7.0579163,110.4185736
6249630442,Trans Park,company,,,+622125982111,,-6.2391811,106.8320521
6249608690,Trans Vision,company,,,,,-6.2297418,106.8475663
9662349548,TransTRACK.ID,company,,"Jalan TB Simatupang, Kav 1, Jakarta Selatan",+6281113501111,https://transtrack.id,-6.2906328,106.8097357
9662347854,TransTRACK.ID Bandung,company,Bandung,"Jalan Emong, 24, Burangrang, Kota Bandung, Jawa Barat",+622287324479,https://transtrack.id,-6.925236,107.6186028
8951205689,Traveloka Campus,company,Tangerang,"Jalan BSD Grand Boulevard, Tangerang City",+6221 2977 5800,https://www.traveloka.com,-6.3016313,106.6498911
6953819388,Tricor,company,,,,,-6.2172693,106.8128459
481723460,Trikomsel Oke,company,,"Jalan Kebon Sirih, 63, DKI Jakarta",,,-6.183549,106.8269631
5217967121,Tritan Point,company,Bandung,,,,-6.9313482,107.7120315
6210540993,Tunas Mobilindo Parama,company,,,,,-6.1775844,106.7987865
524545381,Tupperware,company,Denpasar,"Jalan Mahendradatta, Denpasar",,,-8.6654697,115.1892645
522853241,UD Rimba Utama,company,Denpasar,"Jalan Bypass Gatot Subroto, Denpasar",,,-8.6373522,115.1776565
1198541151,UW Building,company,Bandung,,,,-6.8904755,107.5786504
5683689721,Union Baja,company,,"Jalan Plumpang Semper, 34",+62 21 4393 7615,,-6.1299388,106.9014869
6948708886,Union Space,company,,,,,-6.2253785,106.8282328
513330106,Unit Fasilitas Penumpang Daop 2 Bandung,company,Bandung,"Jalan Stasiun Timur, 8",,,-6.9148795,107.6033973
12124297148,Upperclicks,company,,"Jalan Sunter Permai Raya, 19, Jakarta Utara",+62 813 1193 3191,https://upperclicks.com/,-6.1348369,106.8660606
10979980617,UrShipper,company,Denpasar,"Jalan Gunung Tangkuban Perahu, 303, Denpasar",,https://urshipper.com/,-8.6813315,115.1761851
3230969606,Valbury Brokers,company,Denpasar,"Jalan Teuku Umar, Denpasar",,,-8.6789783,115.205065
6898406986,Velo Networks,company,,,,,-6.2269894,106.8263981
1198173713,Victory Balance,company,Bandung,"Bulevar Magna, 57, Bandung",,,-6.9584817,107.6894997
375489746,Victory International Futures,financial,Denpasar,"Muhammad Yamin, 11, Denpasar",,,-8.6711945,115.2381397
4087421523,Virtue Post,company,,"Kemang Timur 5, No A3, Jakarta",,,-6.2626728,106.8250101
636564425,Vivnio - Platform Reseller Undangan Digital,company,Medan,"Jl. Mulia, 20, Medan",+62818580823,https://vivnio.com,3.5548853,98.6160675
6898406987,Voffice,company,,,,,-6.2269133,106.8265248
381936148,WOM Finance,financial,Denpasar,"Jalan Bypass Gatot Subroto, 56B, Denpasar",,,-8.6350128,115.2484711
467906159,Waka Hotel & Resorts,company,Denpasar,"Jalan Imam Bonjol, 467, Denpasar",,,-8.6916381,115.1901915
521882876,Wana Artha Life,insurance,Semarang,,,,-6.9782335,110.4081592
5209508922,Wans,company,Bandung,Jalan Jamika Baru 1,,,-6.9201277,107.5853672
6187462632,Waringin Group,company,,,,,-6.1735391,106.8152906
6948597688,WeWork,company,,,,,-6.2278223,106.8252346
9794395818,WebHozz Bandung,company,Bandung,"Jalan Lodaya, 69, Bandung",,https://www.webhozz.com/,-6.9304702,107.6228005
9794373900,WebHozz Kalimalang,company,,"Jalan Raya Kalimalang, 3A, DKI Jakarta",+62 812 8458 5378,https://www.webhozz.com/,-6.2474151,106.9247185
5428148521,Webhozz,company,,"Jalan Pos Pengumben, i-9, Jakarta Barat",+62 21 53666207,https://www.webhozz.com/,-6.2167252,106.7701708
11379409462,Webindoshop,it,Bandung,"Jalan Mohammad Ento, 8, Bandung",,https://webindoshop.com,-6.9061238,107.6460515
517203887,Wirajaya,company,,,,,-6.3197525,106.8580435
1017099756,XL Axiata,telecommunication,Medan,"Jalan Diponegoro, 5, Medan",,https://xl.co.id/,3.5860827,98.6732355
194423438,XL Centre,telecommunication,Surabaya,,,https://xl.co.id/,-7.2657108,112.7479675
1451357604,XLSMART Telecom Sejahtera,telecommunication,Tangerang,,,https://www.smartfren.com/,-6.2960307,106.6709484
9174090714,Xolluteon Indonesia,company,Semarang,"Jalan Kyai Mojo, 37, Semarang",,,-7.0494014,110.411235
4687761894,YB8DZ,telecommunication,Makassar,"Jl. Kacong Daeng Lalang Lorong 7, 35F",+62 81241833030,,-5.1928906,119.4599982
6274289689,YKK,company,,,,,-6.1893451,106.8363044
398181534,Yama Engineering,company,Tangerang,,,,-6.2968653,106.6675592
6218997087,Yamaha Service Shop,company,,,,,-6.2034953,106.8577204
6954192986,ZTE,company,,,,,-6.2302463,106.8263021
195869393,Zero Eight (08) Cell,telecommunication,Makassar,Jalan Dg Tata 1,,,-5.18031,119.4232052
478700147,Zurich,insurance,Tangerang,,+62 1 500 456,https://www.zurich.co.id/,-6.2757268,106.659447
6318645885,aetra,company,,,,,-6.1312126,106.8389638
6210540393,cermati.com,company,,,,,-6.1769095,106.8008235
7702115893,flitts,company,Tangerang,Jalan Boulevard Gading Serpong,,,-6.2475827,106.626586
12280442797,iziRoam,company,,"Jalan Sultan Agung, 07, South Jakarta",+6281386303856,https://iziroam.com/,-6.20556,106.8340533
6187462986,meiji,company,,,,,-6.1755058,106.8194294
1246753860,office floor 1,company,,,,,-6.2692391,106.7243075
6203331099,skynet,company,,"Jalan DR Susilo I, 23, DKI Jakarta",+622129678222,,-6.165897,106.7932918
13999996802,suara.com,company,,,,,-6.202958,106.7974076
9888845717,vads office,company,,Jalan Mampang Prapatan Raya,,,-6.2413901,106.8252629
