nama,website,sumber,kategori,kota,osm_id
AIA Insurance,http://www.aia-financial.co.id/,osm,insurance,Denpasar,3189433327
Abang Express - Pengiriman Internasional,https://abangexpress.co.id/,osm,company,,13658337101
Accurate,https://www.accurate.id/,osm,company,Tangerang,8186171474
Acibadem,https://acibademinternational.com,osm,company,,11578924613
AirNav Indonesia,https://airnavindonesia.co.id/,osm,company,Tangerang,512842606
Alcott Semarang,https://alcott-smg.com,osm,it,Semarang,11648765950
Alguntal,https://alguntal.xyz,osm,company,,12740671401
Asuransi Bintang,https://www.asuransibintang.com/,osm,insurance,Denpasar,3786009221
Asuransi Central Asia,https://www.aca.co.id,osm,insurance,Surabaya,12818418241
Asuransi Raksa,https://www.raksaonline.com/,osm,insurance,Tangerang,478700153
AturKuliner,https://aturkuliner.id,osm,it,Bandung,9827840505
Avrist,https://avrist.com/,osm,insurance,Denpasar,3780733272
Awann Group,https://awanngroup.com/,osm,company,Semarang,568166114
Badan Riset dan Inovasi Nasional (BRIN),https://brin.go.id/,osm,research,Bandung,12097450304
Bali Wedding Easy,https://baliweddingeasy.com/,osm,company,Denpasar,8771686918
Bali Wedding Story - Why Imaging,https://baliweddingstory.com/,osm,company,Denpasar,8771614896
Balon Tepuk Suporter,https://www.balon-tepuk.com/,osm,company,,11497028373
Balon Tepuk Supporter,https://www.balontepuksuporter.com/,osm,company,,13455352057
Bamboomedia Software,https://www.bamboomedia.net/,osm,it,Denpasar,3780733271
Biznet,https://www.biznetnetworks.com/,osm,telecommunication,Denpasar,3758630565
Biznet Networks,https://biz.net.id,osm,telecommunication,Jakarta,7913537001
Boston Consulting Group,https://www.bcg.com/offices/jakarta/default.aspx,osm,consulting,,6175036032
CV. Teknodaeng Multi Sarana (Teknodaeng),http://teknodaeng.co.id,osm,company,Makassar,3516040673
Chroma Wedding,https://chromawedding.com/,osm,company,Denpasar,8771686919
DSV Contract Logistics Indonesia - Headoffice,https://dsv.com,osm,logistics,Jakarta,12846767550
Dattabot,https://dattabot.io/,osm,company,,5951063755
Digital Marketing Tangerang Selatan (Groundwork People),https://groundworkpeople.com,osm,advertising_agency,,13192381336
Dimensi Logistic,https://dimensilogistic.co.id,osm,company,,7334417475
D~Net Internet Service Provider,https://dnetprovider.id/,osm,it,Surabaya,10679202176
EST Jakarta,https://estjakarta.com/,osm,company,,12573530628
EasyGO GPS,https://www.easygo-gps.co.id/,osm,company,,527476642
Elkadaya,https://www.elkadaya.com/id,osm,company,Tangerang,478700174
Exito Bali,https://www.exitobali.com/,osm,it,Denpasar,9971637801
F/F Entertainment,https://www.facebook.com/festivefileds/,osm,consulting,,11299464547
First Media,https://www.firstmedia.com/,osm,telecommunication,Surabaya,426896940
GoJek HQ,https://www.go-jek.com/blog/bali/,osm,company,Denpasar,8826330319
Grafika Pariwara | PT. GRAFIKA PARIWARA KUSUMAH,https://grafikapariwara.com,osm,advertising_agency,Bandung,12079590681
Grahaesa,http://grahaesa.com,osm,company,,5267381438
Gudang Billboard,https://billboard.mikkaintermedia.co.id/,osm,advertising_agency,,514123221
HYDAC Indonesia,https://www.hydac.com/id-id/,osm,company,Tangerang,1444858632
Head Office PT. Solomon Indo Global,https://solomonindoglobal.id/,osm,company,Surabaya,11409159718
Hexa Conservation Indonesia,https://hexaconservation.com,osm,company,,11586233926
Independent Research & Advisory Indonesia,http://iraigeospasial.com,osm,research,Jakarta,5025505703
Izatta Wedding Organiser,http://www.baliizattawedding.com/,osm,company,Denpasar,428198047
Jamkrindo,https://www.jamkrindo.co.id/,osm,financial,Jakarta,154078980
Jasa Cargo Ekspedisi Surabaya NCT,https://nctsurabaya.com,osm,company,Surabaya,1064216198
Jasa Pengaspalan - Aspalin Construction,https://www.aspalin.com/jasa-pengaspalan-jalan/,osm,company,,4295053425
JasaWebMedan,https://www.jasawebmedan.com,osm,company,Medan,5541514921
Johnson Health Tech Indonesia,https://www.johnsonhealthtech.id,osm,company,,8301722438
Kantor CV. Arindra Production,https://www.arindraproduction.co.id/,osm,company,Surabaya,10548498378
Kantor Maxim Indonesia,https://id.taximaxim.com,osm,company,Bekasi,1320914938
Kantor Pemasaran Kota Harapan Indah,https://www.damaiputra.com,osm,advertising_agency,Bekasi,6679602637
Kantor STO Telkom Sawangan,https://www.telkom.co.id/,osm,it,Depok,9525974379
Karamel Kreativindo Digital Internasional,https://karamelkreativindo.com,osm,consulting,,10607510623
Komputermu,https://komputermu.com,osm,it,Surabaya,8120343070
Kredivo Operations Office,https://www.kredivo.id/,osm,company,,9941378695
LTI Express,https://ltiexpress.id/,osm,company,Surabaya,8398712157
Lembaga Penelitian dan Pengabdian Masyarakat (LPPM UNNES),https://unnes.ac.id/lppm,osm,research,Semarang,577032202
LogID,https://www.logid.id,osm,logistics,Jakarta,12409036396
Mandiri Sekuritas Medan,https://most.co.id/,osm,financial,Medan,9468501645
McKinsey & Company,https://www.mckinsey.com/id,osm,consulting,,6535153418
Miindonews,https://miindonews.co.id/,osm,it,Jakarta,9121416957
Minanga group,http://minanga.co.id,osm,company,,5512943723
"Mitra Manunggal Mandiri, PT.",https://mitramanunggal.com/,osm,company,Bekasi,12112326669
Moduit Digital Indonesia,https://moduit.id,osm,company,Bandung,11309081607
Monex Investindo Futures,https://www.mifx.com/,osm,financial,Denpasar,3758652737
Nazaridev,https://nazaridev.vercel.app,osm,it,Semarang,12213183386
Ngobas,https://ngobas.com/,osm,company,,3659598581
Nippon Paint,https://www.nipponpaint-indonesia.com/,osm,company,Denpasar,425684379
Noxindo Cakrawala,https://powercableindonesia.com,osm,company,Bekasi,13769750615
Office TakeGo,https://takego.id,osm,it,Makassar,13545153228
Olah Data Semarang,https://olah-data-semarang.business.site/,osm,it,Semarang,570124367
OmiqloBadut,http://omiqlobadut.wordpres.com,osm,company,,3626103941
Optibis,https://optibis.id,osm,company,Bandung,12673456092
Opticore Technology,https://opticore.tech,osm,it,Bandung,124051868
PLN Distribusi Jakarta Raya,https://www.pln.co.id/,osm,company,,6222915487
PT Adhi Commuter Properti,https://www.lrtcity.com/,osm,company,,5890453485
PT Araki Solusi Indonesia,https://www.araki.co.id,osm,company,Tangerang,13099999133
PT Archipelago Strategic Solution,https://archiss.com/,osm,company,,262527547
PT Architectz Persada Asri,https://www.architectzandassociates.com/,osm,consulting,,11566571687
PT Arta Boga Cemerlang,https://www.artaboga.com/,osm,company,Denpasar,380087295
PT Borneo Megah Sejahtera,https://www.bmslh.com,osm,company,Surabaya,13245278478
PT Bratasena Jaya,https://bj.co.id/,osm,company,,521196635
PT Carsworld Digital Indonesia,https://carsworld.co.id/,osm,company,Tangerang,9763334043
PT Cinerent Indonesia,https://www.cinerent.net/,osm,company,,5181769122
PT Daya Transformatika,http://www.transformatika.co.id,osm,company,Depok,4111838797
PT Dirgantara Indonesia (Kantor Pusat),https://www.indonesian-aerospace.com/,osm,company,Bandung,26729382
PT Epson Indonesia,https://www.epson.co.id/,osm,company,,9831074432
PT Global Teknik Pasundan,https://globalteknikpasundan.com/,osm,consulting,,12998728261
PT Grand Textile,http://www.grandtex.co.id,osm,company,Bandung,4338426691
PT JASA KONSULTAN KEUANGAN,https://jasakonsultankeuangan.co.id/,osm,company,Bekasi,9029519331
PT MAKA (Makna Karya Angan Andanu),https://maka.id,osm,company,,502251513
PT Magna Perkasa,https://www.magnaperkasa.com,osm,company,,12417826926
PT Multi Areal Planing Indonesia (MAPID),https://mapid.co.id/,osm,company,Bandung,11968362246
PT Multi Guna Maritim,https://mgmaritim.com/,osm,company,,13354736293
PT Musim Mas,https://www.musimmas.com/,osm,company,Medan,331362689
PT Nindya Karya,https://www.nindyakarya.co.id/,osm,company,Denpasar,363142388
PT Pacificagung Trijaya,https://norxel.id,osm,it,Jakarta,13234216277
PT Perkebunan Nusantara IX,https://apnusantara.ptpnix.co.id/,osm,company,Semarang,560035978
PT Perumnas Iida Group,https://perumnas-iidagroup.co.id/,osm,company,Bekasi,13286464578
PT Power Telecom,https://www.powertel.co.id/,osm,it,Bandung,10604268161
PT Pupuk Indonesia,https://www.pupuk-indonesia.com/,osm,company,,156917691
PT Reycom Document Solusi,https://rds.co.id,osm,company,Semarang,13366164991
PT Solusi Untuk Semua,https://gadogado.id/,osm,company,,12280442798
PT Toyo Sensing Indonesia,https://toyosensing.com,osm,company,Bandung,12237909862
PT Trimanunggal Perkasindo,https://tpturbo.com,osm,company,,6001907233
PT United Dico Citas,https://udc.co.id/,osm,company,,485813821
PT Warungjasa Teknologi,https://www.warungjasa.com,osm,it,Jakarta,6773792324
PT Waskita Karya,https://www.waskita.co.id/,osm,company,Denpasar,363343430
PT Widha,http://www.widha.co.id,osm,company,Semarang,374684288
PT. ASIA MEGATAMA SEJAHTERA,https://asiamegatama.id/,osm,company,Tangerang,10289191832
PT. Adicipta Inovasi Teknologi,http://www.adins.id/,osm,company,,5804104553
PT. Applimetis Parama Solusi,https://applimetis.id,osm,company,Bekasi,10588068332
PT. BERCA MANDIRI PERKASA,https://www.berca-mp.co.id/,osm,company,Semarang,5215638922
PT. Bakti Mandiri Perkasa,https://www.pt-bmp.com/,osm,company,Surabaya,451533239
PT. Cahaya Bumi Amanah,https://cba-digitechno.com/,osm,company,Bandung,1126817540
PT. Chang Jui Fang Indonesia,https://cjfi.co.id/,osm,company,,13454782220
PT. Control Systems Arena Para Nusa,https://ptcs.co.id/,osm,company,,8226613414
PT. Dharma Satya Nusantara,https://www.dsn.co.id/,osm,company,,5589552522
PT. Erela,https://erela.co.id/,osm,company,Semarang,569907148
PT. Indo Rizki Pratama,https://www.3dmediaadv.com,osm,company,,1088259813
PT. Insatek Maju Bersama - Rep. Jakarta,https://insatek.id,osm,research,Jakarta,9677518665
PT. Kawasan Industri Medan (Persero),https://www.kim.co.id/,osm,company,Medan,970764126
"PT. Kimia Farma, Tbk.",https://www.kimiafarma.co.id,osm,company,,6252776089
PT. Kita Bagus Sejahtera,https://kitabagus.co.id,osm,company,Tangerang,12405022055
PT. Nusantara Global Inovasi,https://nginovasi.com/,osm,it,Semarang,340199505
PT. PLN Nusantara Power,https://www.plnnusantarapower.co.id/,osm,company,Surabaya,453651262
PT. PiEE Internasional,https://piee.co.id,osm,company,,12852267511
PT. Pratama Motivasi Mandiri,https://www.iproguard.com,osm,it,Bekasi,11951606514
PT. RUMAH LOGIC TEKNOLOGI,https://rumahlogic.com,osm,it,Jakarta,12353231828
PT. Tanjung Kreasi Parquet Industri,http://www.tekaparquet.com,osm,company,,5589552721
PT. Tokopedia,https://tokopedia.com/,osm,company,,6634884024
Pacific Express,https://pacific-bali.com/,osm,company,Denpasar,372807793
Pegadaian UPC Sukawati,https://www.pegadaian.co.id,osm,company,Denpasar,11651185808
Perpetual Gifts,http://www.perpetualgifts.com/,osm,company,,461838737
Pluto Publishing,https://bestgardenoutdoor.com,osm,company,,7755175406
Pro-Int Dinamika,https://pro-int.co.id,osm,company,,11399336504
R2plan,https://r2plan.com/,osm,company,Tangerang,2726530206
Rakyatku.com,https://rakyatku.com/,osm,company,Makassar,5449534822
Reksa Finance,https://www.reksafinance.co.id/,osm,financial,Tangerang,478700056
SB301 OFFICE,https://www.sb301.net/,osm,company,Surabaya,8483333038
SOS Medika,http://sosmedika.id,osm,company,,6951189588
Sahabat Laut Lestari,https://sahabatlautlestari.com,osm,it,Denpasar,10708188889
Saku Sultan Basecamp,https://sakusultan.com,osm,company,Makassar,611230752
Semarang Resilience Office,https://www.100rcsemarang.org,osm,company,Semarang,3870398984
Semidang Group,https://semidang.com,osm,company,,10097816854
Smart GPS Bandung,https://smartgps.co.id,osm,company,Bandung,124051793
Solar Surya Indotama,https://solarsuryaindotama.co.id,osm,company,,523618870
SolarTuff - Solar Water Heater,https://www.solartuff.co.id/,osm,company,Medan,10196304517
Stasiun Transmisi TV Indosiar Semarang,https://www.indosiar.com/,osm,telecommunication,Semarang,8417996318
Studio Paramuda Radio Bandung 93.7 FM (RAMA Group),http://www.paramudaradio.com,osm,company,Bandung,5884677085
Studio Radio Rama 104.7 FM Bandung,https://www.ramafm.com/,osm,company,Bandung,5883215585
Studio Ubud,http://studioubud.com,osm,company,,8907394181
TUKU Head Office,https://tuku.coffee/,osm,company,,502265616
Takaful Umum,https://www.takafulumum.co.id/,osm,insurance,Jakarta,7155243108
Tata Niaga Intercontinent,https://tni.biz.id,osm,company,Tangerang,10266515763
ThinkrCreative,http://thinkrcreative.com/,osm,company,,2701154177
Toko Balon,https://www.tukangbalon.com/,osm,company,,13569670966
TomTom,https://www.tomtom.com/,osm,company,,12585903978
TransTRACK.ID,https://transtrack.id,osm,company,,9662349548
Traveloka Campus,https://www.traveloka.com,osm,company,Tangerang,8951205689
Upperclicks,https://upperclicks.com/,osm,company,,12124297148
UrShipper,https://urshipper.com/,osm,company,Denpasar,10979980617
Vivnio - Platform Reseller Undangan Digital,https://vivnio.com,osm,company,Medan,636564425
WebHozz Bandung,https://www.webhozz.com/,osm,company,Bandung,9794395818
Webindoshop,https://webindoshop.com,osm,it,Bandung,11379409462
XL Axiata,https://xl.co.id/,osm,telecommunication,Medan,1017099756
XLSMART Telecom Sejahtera,https://www.smartfren.com/,osm,telecommunication,Tangerang,1451357604
Zurich,https://www.zurich.co.id/,osm,insurance,Tangerang,478700147
iziRoam,https://iziroam.com/,osm,company,,12280442797
