nama,website,sumber
Danone Indonesia,https://www.danone.co.id,entitas_id
Mondelez Indonesia,https://www.mondelezinternational.com/indonesia,entitas_id
AIM Food,https://www.aimfood.co.id,ulang_bug_www
Accurate,https://www.accurate.id,ulang_bug_www
JasaWebMedan,https://www.jasawebmedan.com,ulang_bug_www
Kredivo Operations Office,https://www.kredivo.id,ulang_bug_www
PT Araki Solusi Indonesia,https://www.araki.co.id,ulang_bug_www
PT Nindya Karya,https://www.nindyakarya.co.id,ulang_bug_www
PT Power Telecom,https://www.powertel.co.id,ulang_bug_www
PT. BERCA MANDIRI PERKASA,https://www.berca-mp.co.id,ulang_bug_www
PT. Dharma Satya Nusantara,https://www.dsn.co.id,ulang_bug_www
PT. Pratama Motivasi Mandiri,https://www.iproguard.com,ulang_bug_www
WebHozz Bandung,https://www.webhozz.com,ulang_bug_www
